date,time,variety,name,contract,atm_strike,call_bid,call_ask,put_bid,put_ask,spread_pct,iv_est,hv_parkinson,iv_slope,dte,inferred_futures,hv_20d,hv_60d,ref_contract,ref_iv,window,liquidity_ok,ref_liquidity_ok,dte_src,ref_iv_src
2026-07-13,16:10,m,豆粕,m2609,3050,52.0,53.0,53.5,54.5,1.9,0.139,,,36,3050.0,0.1021,0.1074,,,,,,exact,
2026-07-13,16:10,c,玉米,c2609,2300,28.5,29.0,21.5,22.5,4.7,0.0878,,,36,2300.0,0.0839,0.0785,,,,,,exact,
2026-07-13,16:10,rm,菜籽粕,rm2609,2300,42.0,43.0,46.5,48.0,3.2,0.1701,,,30,2300.0,0.1527,0.1469,,,,,,exact,
2026-07-13,16:10,ta,PTA,ta2609,5600,188.0,194.5,175.5,179.0,2.0,0.2869,,,30,5600.0,0.2913,0.2883,,,,,,exact,
2026-07-13,16:10,ma,甲醇,ma2609,2500,94.5,99.0,80.0,83.5,4.4,0.3113,,,30,2500.0,0.3712,0.319,,,,,,exact,
2026-07-14,9:07,m,豆粕,m2609,3050,57.0,58.0,44.0,45.0,2.3,0.135,,,35,3050.0,0.1075,0.1086,,,,,,exact,
2026-07-14,9:07,c,玉米,c2609,2300,27.0,28.0,21.0,21.5,2.4,0.0856,,,35,2300.0,0.0839,0.0785,,,,,,exact,
2026-07-14,9:08,rm,菜籽粕,rm2609,2325,41.0,42.0,46.5,47.5,2.2,0.1688,,,29,2325.0,0.1622,0.1501,,,,,,exact,
2026-07-14,9:08,ta,PTA,ta2609,5800,236.0,238.0,237.5,241.5,1.7,0.3643,,,29,5800.0,0.2914,0.2866,,,,,,exact,
2026-07-14,9:08,ma,甲醇,ma2609,2500,207.0,209.0,42.5,43.0,1.2,0.4448,,,29,2500.0,0.3723,0.3174,,,,,,exact,
2026-07-15,9:21,m,豆粕,m2609,3050,56.0,56.5,43.5,44.5,2.3,0.1346,,-0.0022,34,3050.0,0.1074,0.1088,,,,,,exact,
2026-07-15,9:21,c,玉米,c2609,2320,19.5,20.0,28.0,28.5,1.8,0.0847,,-0.00155,34,2320.0,0.0801,0.0785,,,,,,exact,
2026-07-15,9:21,rm,菜籽粕,rm2609,2325,38.0,39.0,47.0,48.0,2.1,0.1669,,-0.0016,28,2325.0,0.1635,0.1502,,,,,,exact,
2026-07-15,9:21,ta,PTA,ta2609,5800,212.5,215.0,217.0,219.5,1.2,0.3362,,0.02465,28,5800.0,0.2791,0.2925,,,,,,exact,
2026-07-15,9:21,ma,甲醇,ma2609,2500,175.0,177.0,46.5,47.0,1.1,0.4021,,0.0454,28,2500.0,0.3568,0.3321,,,,,,exact,
2026-07-16,9:20,m,豆粕,m2609,3100,48.0,48.5,63.0,64.0,1.6,0.1499,,0.00745,33,3100.0,0.1094,0.1093,,,,,,exact,
2026-07-16,9:20,c,玉米,c2609,2300,25.5,26.0,19.0,19.5,2.6,0.0813,,-0.00215,33,2300.0,0.0814,0.0791,,,,,,exact,
2026-07-16,9:20,rm,菜籽粕,rm2609,2325,45.0,46.0,40.5,41.0,1.2,0.1705,,0.00085,27,2325.0,0.1632,0.1505,,,,,,exact,
2026-07-16,9:20,ta,PTA,ta2609,5800,181.0,183.0,230.0,231.0,0.4,0.3269,,-0.0187,27,5800.0,0.2777,0.293,,,,,,exact,
2026-07-16,9:20,ma,甲醇,ma2609,2500,188.5,189.5,39.5,40.0,1.3,0.4205,,-0.01215,27,2500.0,0.3446,0.3308,,,,,,exact,
2026-07-17,9:34,m,豆粕,m2609,3050,56.5,57.5,39.5,40.5,2.5,0.1343,,-0.00015,32,3050.0,0.111,0.1095,,,,,,exact,
2026-07-17,9:34,c,玉米,c2609,2280,25.5,26.5,16.5,17.0,3.0,0.0792,,-0.00275,32,2280.0,0.0816,0.0784,,,,,,exact,
2026-07-17,9:34,rm,菜籽粕,rm2609,2300,43.5,44.5,35.5,36.0,1.4,0.1624,,-0.00225,26,2300.0,0.1649,0.1507,,,,,,exact,
2026-07-17,9:34,ta,PTA,ta2609,5800,173.5,174.5,211.5,214.0,1.2,0.3123,,-0.01195,26,5800.0,0.2797,0.2939,,,,,,exact,
2026-07-17,9:35,ma,甲醇,ma2609,2500,176.0,178.0,39.0,39.5,1.3,0.4051,,0.0015,26,2500.0,0.341,0.3302,,,,,,exact,
2026-07-20,12:30,m,豆粕,m2609,3100,53.0,53.5,57.0,62.0,8.8,0.1613,,0.0057,29,3100.0,0.1109,0.1088,,,,,,exact,
2026-07-20,12:30,c,玉米,c2611,2240,38.0,48.5,30.0,33.5,11.7,0.082,,0.00035,95,2240.0,0.0827,0.0784,,,,,,exact,
2026-07-20,09:40,rm,菜籽粕,rm2609,2325,39.0,39.5,45.0,46.0,2.2,0.1815,,0.0055,23,2325.0,0.1682,0.1503,,,,,,exact,
2026-07-20,09:40,ta,PTA,ta2609,6000,198.5,200.0,238.5,240.5,0.8,0.3641,,0.0186,23,6000.0,0.2818,0.287,,,,,,exact,
2026-07-20,09:40,ma,甲醇,ma2609,2500,303.5,307.0,20.5,21.0,2.4,0.6493,,0.1144,23,2500.0,0.3351,0.3211,,,,,,exact,
2026-07-20,09:40,cf,棉花,cf2609,16200,161.0,162.0,250.0,255.0,2.0,0.1273,,,23,16200.0,0.1418,0.1364,,,,,,exact,
2026-07-20,09:40,sr,白糖,sr2609,5200,48.0,48.5,78.0,79.5,1.9,0.1216,,,23,5200.0,0.0881,0.0864,,,,,,exact,
2026-07-20,09:40,i,铁矿石,i2609,760,13.1,13.5,14.5,15.0,3.4,0.1637,,,29,760.0,0.1589,0.1432,,,,,,exact,
2026-07-20,09:40,ru,橡胶,ru2609,17000,396.0,400.0,331.0,336.0,1.5,0.1713,,,36,17000.0,0.1959,0.1937,,,,,,exact,
2026-07-20,09:40,au,沪金,au2608,872,13.3,13.46,11.72,11.86,1.2,0.2605,,,7,872.0,0.1754,0.1841,,,,,,exact,
2026-07-21,23:37,m,豆粕,m2609,3150,54.5,55.5,62.5,65.0,4.0,0.1701,,0.0179,28,3150.0,0.118,0.1094,,,,,,exact,
2026-07-21,23:37,c,玉米,c2609,2260,22.0,23.5,18.0,18.5,2.8,0.0819,,0.00135,28,2260.0,0.0825,0.0789,,,,,,exact,
2026-07-21,23:38,ta,PTA,ta2609,5800,217.0,227.0,178.5,183.0,2.5,0.3536,,0.02065,22,5800.0,0.2913,0.2901,,,,,,exact,
2026-07-21,23:38,ma,甲醇,ma2701,2500,250.0,273.0,62.5,0.0,-100.0,0.2339,,-0.0856,143,2500.0,0.3455,0.3303,,,,,,exact,
2026-07-21,23:38,au,沪金,au2608,888,11.98,12.06,9.38,9.5,1.3,0.2356,,0.0044,6,888.0,0.1744,0.1855,,,,,,exact,
2026-07-21,23:38,sr,白糖,sr2609,5200,42.5,43.0,73.5,79.0,7.5,0.1165,,-0.0047,22,5200.0,0.0825,0.0856,,,,,,exact,
2026-07-21,23:38,i,铁矿石,i2609,750,11.1,11.4,15.0,16.2,8.0,0.1616,,-0.0017,28,750.0,0.1621,0.1453,,,,,,exact,
2026-07-21,23:38,ru,橡胶,ru2609,17000,342.0,353.0,413.0,419.0,1.5,0.1813,,0.00075,35,17000.0,0.1978,0.196,,,,,,exact,
2026-07-22,21:21,m,豆粕,m2609,3200,52.5,53.0,77.0,77.5,0.6,0.1867,,0.0127,27,3200.0,0.1203,0.1089,,,,,,exact,
2026-07-22,21:21,c,玉米,c2609,2280,16.5,17.0,22.5,23.5,4.4,0.0801,,-0.00095,27,2280.0,0.0818,0.0785,,,,,,exact,
2026-07-22,21:21,rm,菜籽粕,rm2609,2375,43.0,44.0,43.5,44.0,1.1,0.1914,,0.0145,21,2375.0,0.1643,0.1487,,,,,,exact,
2026-07-22,21:22,ta,PTA,ta2609,5900,195.0,197.5,208.5,211.0,1.2,0.3586,,-0.00275,21,5900.0,0.2895,0.2881,,,,,,exact,
2026-07-22,21:22,ma,甲醇,ma2609,2500,247.0,249.5,26.5,27.0,1.9,0.5732,,-0.03805,21,2500.0,0.3474,0.3319,,,,,,exact,
2026-07-22,21:22,au,沪金,au2608,904,8.5,8.52,10.06,10.2,1.4,0.2202,,-0.02015,5,904.0,0.1754,0.187,,,,,,exact,
2026-07-22,21:22,cf,棉花,cf2609,16000,160.0,162.0,195.0,199.0,2.1,0.1166,,-0.00355,21,16000.0,0.1455,0.1346,,,,,,exact,
2026-07-22,21:23,sr,白糖,sr2609,5200,40.5,41.5,72.0,73.0,1.4,0.1137,,-0.00395,21,5200.0,0.0809,0.0852,,,,,,exact,
2026-07-22,21:23,i,铁矿石,i2609,740,14.9,15.1,11.3,11.5,1.8,0.164,,0.00015,27,740.0,0.1635,0.1452,,,,,,exact,
2026-07-22,21:23,ru,橡胶,ru2609,17000,327.0,331.0,440.0,445.0,1.1,0.1859,,0.0073,34,17000.0,0.1957,0.1939,,,,,,exact,
2026-07-23,17:30,m,豆粕,m2609,3200,53.0,53.5,78.0,79.5,1.9,0.1932,,0.01155,26,3200.0,0.12,0.1089,,,,,,exact,
2026-07-23,17:30,ta,PTA,ta2609,5900,225.5,227.5,179.0,183.0,2.2,0.3688,,0.0076,20,5900.0,0.2746,0.2869,,,,,,exact,
2026-07-23,17:31,ma,甲醇,ma2609,2500,264.0,279.0,21.0,21.5,2.4,0.6253,,0.1957,20,2500.0,0.3463,0.3318,,,,,,exact,
2026-07-23,17:31,au,沪金,au2608,896,9.12,9.3,6.12,6.2,1.3,0.2048,,-0.0154,4,896.0,0.1719,0.187,,,,,,exact,
2026-07-23,17:31,cf,棉花,cf2609,16000,176.0,177.0,165.0,169.0,2.4,0.1146,,-0.00635,20,16000.0,0.1415,0.1345,,,,,,exact,
2026-07-23,17:31,sr,白糖,sr2609,5200,46.0,46.5,54.5,57.0,4.6,0.1047,,-0.0059,20,5200.0,0.0807,0.0852,,,,,,exact,
2026-07-23,17:31,i,铁矿石,i2609,750,11.6,11.8,14.0,14.5,3.6,0.162,,0.0002,26,750.0,0.1634,0.1465,,,,,,exact,
2026-07-23,17:31,ru,橡胶,ru2609,17000,373.0,390.0,348.0,365.0,4.9,0.1805,,-0.0004,33,17000.0,0.1668,0.194,,,,,,exact,
2026-07-24,17:01,m,豆粕,m2609,3200,79.0,80.0,55.5,56.5,1.8,0.2022,,0.00775,25,3200.0,0.1257,0.1113,,,,,,exact,
2026-07-24,17:01,c,玉米,c2609,2280,17.0,18.0,21.0,21.5,2.4,0.0812,,-0.00035,25,2280.0,0.0745,0.0784,,,,,,exact,
2026-07-24,17:01,rm,菜籽粕,rm2609,2475,53.0,54.5,61.0,63.5,4.1,0.2568,,0.03765,19,2475.0,0.1779,0.1576,,,,,,exact,
2026-07-24,17:01,ta,PTA,ta2609,5900,175.0,185.5,215.5,227.0,5.3,0.3728,,0.0071,19,5900.0,0.2831,0.2876,,,,,,exact,
2026-07-24,17:01,ma,甲醇,ma2609,2500,262.5,284.0,21.5,22.0,2.3,0.6465,,0.03665,19,2500.0,0.348,0.3323,,,,,,exact,
2026-07-24,17:01,au,沪金,au2608,880,7.46,7.86,6.44,6.6,2.5,0.2222,,0.001,3,880.0,0.1705,0.1871,,,,,,exact,
2026-07-24,17:01,cf,棉花,cf2609,16000,168.0,169.0,166.0,169.0,1.8,0.1151,,-0.00075,19,16000.0,0.1411,0.1324,,,,,,exact,
2026-07-24,17:01,sr,白糖,sr2609,5200,32.5,33.0,69.5,76.5,10.1,0.1114,,-0.00115,19,5200.0,0.0808,0.084,,,,,,exact,
2026-07-24,17:01,i,铁矿石,i2609,750,10.5,10.7,14.6,15.1,3.4,0.1621,,-0.00095,25,750.0,0.1515,0.1465,,,,,,exact,
2026-07-24,17:01,ru,橡胶,ru2609,16750,373.0,393.0,346.0,359.0,3.8,0.1854,,-0.00025,32,16750.0,0.1689,0.1946,,,,,,exact,
2026-07-27,11:42,au,沪金,au2608,888,3.84,3.96,0.76,0.82,7.9,0.0564,,-0.0742,0,888.0,0.1705,0.1871,,,,,,expired,
2026-07-27,15:53,m,豆粕,m2609,3150,66.5,68.5,53.0,53.5,0.9,0.1952,,0.001,22,3150.0,0.1257,0.1113,,,,,,exact,
2026-07-27,15:54,c,玉米,c2609,2260,23.5,24.5,14.5,16.0,10.3,0.0884,,0.00415,22,2260.0,0.0745,0.0784,,,,,,exact,
2026-07-27,15:54,rm,菜籽粕,rm2609,2375,47.0,55.5,35.5,37.0,4.2,0.22,,0.0143,16,2375.0,0.1779,0.1576,,,,,,exact,
2026-07-27,15:54,ta,PTA,ta2609,5900,59.5,61.0,325.5,356.5,9.5,0.406,,0.0186,16,5900.0,0.2831,0.2876,,,,,,exact,
2026-07-27,15:54,ma,甲醇,ma2609,2600,85.0,86.5,76.5,77.0,0.7,0.3731,,-0.1261,16,2600.0,0.348,0.3323,,,,,,exact,
2026-07-27,15:54,cf,棉花,cf2609,16000,120.0,124.0,188.0,197.0,4.8,0.1174,,0.0014,16,16000.0,0.1411,0.1324,,,,,,exact,
2026-07-27,15:54,sr,白糖,sr2609,5200,34.0,35.0,62.0,63.5,2.4,0.1117,,0.0035,16,5200.0,0.0808,0.084,,,,,,exact,
2026-07-27,15:54,i,铁矿石,i2609,740,12.5,13.1,11.1,11.6,4.5,0.1662,,0.0021,22,740.0,0.1515,0.1465,,,,,,exact,
2026-07-27,15:54,ru,橡胶,ru2609,16750,348.0,373.0,333.0,357.0,7.2,0.1868,,0.00315,29,16750.0,0.1689,0.1946,,,,,,exact,
2026-07-28,09:21,m,豆粕,m2609,3150,44.0,45.0,58.5,59.0,0.9,0.1708,,-0.0157,21,3150.0,0.1286,0.1127,,,,,,exact,
2026-07-28,09:21,c,玉米,c2609,2260,21.5,22.0,15.0,15.5,3.3,0.0853,,0.00205,21,2260.0,0.0732,0.0784,,,,,,exact,
2026-07-28,09:22,rm,菜籽粕,rm2609,2375,32.0,32.5,39.0,40.0,2.6,0.1863,,-0.03525,15,2375.0,0.1854,0.1604,,,,,,exact,
2026-07-28,09:22,ta,PTA,ta2609,5700,123.0,124.0,153.5,155.5,1.3,0.3007,,-0.03605,15,5700.0,0.2947,0.291,,,,,,exact,
2026-07-28,09:22,ma,甲醇,ma2609,2600,74.0,75.0,71.5,72.0,0.7,0.3468,,-0.14985,15,2600.0,0.3707,0.3385,,,,,,exact,
2026-07-28,09:22,au,沪金,au2610,888,30.8,31.24,33.52,33.96,1.3,0.2307,,0.00425,57,888.0,0.1702,0.1858,,,,,,exact,
2026-07-28,09:22,cf,棉花,cf2609,15800,179.0,183.0,119.0,122.0,2.5,0.1177,,0.0013,15,15800.0,0.1288,0.1318,,,,,,exact,
2026-07-28,09:22,sr,白糖,sr2609,5100,71.5,73.0,25.5,26.5,3.9,0.1188,,0.0037,15,5100.0,0.0811,0.0841,,,,,,exact,
2026-07-28,09:22,i,铁矿石,i2609,740,12.0,12.2,11.8,12.0,1.7,0.169,,0.00345,21,740.0,0.1505,0.1453,,,,,,exact,
2026-07-28,09:22,ru,橡胶,ru2609,16500,397.0,404.0,280.0,284.0,1.4,0.1867,,0.00065,28,16500.0,0.1684,0.1945,,,,,,exact,
2026-07-29,19:59,m,豆粕,m2609,3100,48.0,48.5,40.0,40.5,1.2,0.1524,,-0.0214,20,3100.0,0.1264,0.1132,,,,,,exact,
2026-07-29,19:59,c,玉米,c2609,2260,20.0,20.5,13.5,14.0,3.7,0.0803,,-0.00405,20,2260.0,0.0722,0.0785,,,,,,exact,
2026-07-29,19:59,rm,菜籽粕,rm2609,2325,35.0,35.5,23.0,25.0,8.7,0.1627,,-0.02865,14,2325.0,0.1796,0.1605,,,,,,exact,
2026-07-29,19:59,ta,PTA,ta2609,5700,123.5,124.0,131.5,136.0,3.4,0.2883,,-0.05885,14,5700.0,0.2901,0.2903,,,,,,exact,
2026-07-29,19:59,ma,甲醇,ma2609,2650,72.0,72.5,72.5,74.0,2.1,0.3504,,-0.01135,14,2650.0,0.3626,0.3397,,,,,,exact,
2026-07-29,20:00,au,沪金,au2610,888,30.98,31.84,34.5,35.72,3.5,0.2391,,0.09135,56,888.0,0.1569,0.185,,,,,,exact,
2026-07-29,20:00,cf,棉花,cf2609,15800,164.0,167.0,109.0,114.0,4.6,0.1119,,-0.00275,14,15800.0,0.1271,0.1308,,,,,,exact,
2026-07-29,20:00,sr,白糖,sr2609,5100,52.0,52.5,30.5,31.0,1.6,0.1039,,-0.0039,14,5100.0,0.0825,0.0852,,,,,,exact,
2026-07-29,20:00,i,铁矿石,i2609,740,10.5,10.8,11.7,12.0,2.6,0.1624,,-0.0019,20,740.0,0.1434,0.1438,,,,,,exact,
2026-07-29,20:00,ru,橡胶,ru2609,16250,400.0,499.0,297.0,317.0,6.7,0.214,,0.0136,27,16250.0,0.1751,0.1952,,,,,,exact,
2026-07-30,17:24,m,豆粕,m2609,3100,31.0,31.5,56.0,57.5,2.7,0.1555,,-0.00765,19,3100.0,0.1285,0.1131,,,,,,exact,
2026-07-30,17:24,c,玉米,c2609,2260,19.0,20.0,13.0,13.5,3.8,0.0794,,-0.00295,19,2260.0,0.0719,0.075,,,,,,exact,
2026-07-30,17:24,rm,菜籽粕,rm2609,2300,23.0,23.5,33.0,35.0,6.1,0.1649,,-0.0107,13,2300.0,0.1869,0.1613,,,,,,exact,
2026-07-30,17:24,ta,PTA,ta2609,5800,166.0,169.5,121.5,124.5,2.5,0.332,,0.01565,13,5800.0,0.2821,0.2906,,,,,,exact,
2026-07-30,17:24,ma,甲醇,ma2609,2650,75.5,79.0,71.0,73.0,2.8,0.373,,0.0131,13,2650.0,0.3631,0.3397,,,,,,exact,
2026-07-30,17:24,au,沪金,au2610,880,32.86,33.32,31.2,31.9,2.2,0.2365,,0.0029,55,880.0,0.1564,0.1864,,,,,,exact,
2026-07-30,17:24,cf,棉花,cf2609,15600,186.0,197.0,97.0,105.0,8.2,0.1242,,0.00325,13,15600.0,0.1275,0.13,,,,,,exact,
2026-07-30,17:25,sr,白糖,sr2609,5100,33.5,34.5,44.5,45.0,1.1,0.1023,,-0.00825,13,5100.0,0.0833,0.0851,,,,,,exact,
2026-07-30,17:25,i,铁矿石,i2609,720,10.0,10.3,14.2,14.6,2.8,0.1868,,0.0089,19,720.0,0.1545,0.1482,,,,,,exact,
2026-07-30,17:25,ru,橡胶,ru2609,16500,291.0,300.0,392.0,424.0,8.2,0.1997,,0.0065,26,16500.0,0.1728,0.1933,,,,,,exact,
2026-07-31,09:28,au,沪金,au2610,896,29.96,30.16,33.68,34.0,1.0,0.2318,,-0.00365,54,896.0,0.1564,0.1864,,,,,,exact,
2026-07-31,17:45,m,豆粕,m2609,3050,49.0,51.0,28.5,29.0,1.8,0.1453,,-0.00355,18,3050.0,0.1277,0.1126,,,,,,exact,
2026-07-31,17:45,c,玉米,c2609,2260,19.5,21.0,11.0,11.5,4.5,0.0785,,-0.0009,18,2260.0,0.0687,0.0751,,,,,,exact,
2026-07-31,17:45,rm,菜籽粕,rm2609,2325,22.5,23.5,32.0,33.5,4.7,0.1653,,0.0013,12,2325.0,0.1872,0.1617,,,,,,exact,
2026-07-31,17:45,ta,PTA,ta2609,5800,120.0,121.0,135.5,139.0,2.6,0.3064,,0.00905,12,5800.0,0.2784,0.2878,,,,,,exact,
2026-07-31,17:45,ma,甲醇,ma2609,2600,72.5,74.5,56.0,57.0,1.8,0.3447,,-0.00285,12,2600.0,0.3617,0.3362,,,,,,exact,
2026-07-31,17:45,cf,棉花,cf2609,15800,108.0,111.0,158.0,160.0,1.3,0.1172,,0.00265,12,15800.0,0.1253,0.1288,,,,,,exact,
2026-07-31,17:45,sr,白糖,sr2609,5100,21.5,22.0,66.0,67.0,1.5,0.1193,,0.0077,12,5100.0,0.0812,0.0841,,,,,,exact,
2026-07-31,17:45,i,铁矿石,i2609,720,10.4,10.9,13.5,14.0,3.7,0.1908,,0.0142,18,720.0,0.1559,0.1492,,,,,,exact,
2026-07-31,17:46,ru,橡胶,ru2609,16250,231.0,458.0,273.0,301.0,10.3,0.1856,,-0.0142,25,16250.0,0.1712,0.1915,,,,,,exact,
2026-08-03,15:23,m,豆粕,m2609,3050,43.0,44.5,27.5,28.0,1.8,0.1445,,-0.0055,15,3050.0,0.1277,0.1126,m2701,0.1261,,,,exact,exact
2026-08-03,15:23,c,玉米,c2609,2260,11.0,11.5,18.0,19.5,8.3,0.0819,,0.00125,15,2260.0,0.0687,0.0751,c2611,0.0754,,,,exact,exact
2026-08-03,15:23,rm,菜籽粕,rm2609,2325,22.0,23.0,28.0,29.5,5.4,0.1755,,0.0053,9,2325.0,0.1872,0.1617,rm2701,0.1585,,,,exact,exact
2026-08-03,15:24,ta,PTA,ta2609,5900,106.0,109.0,147.0,158.0,7.5,0.3508,,0.0094,9,5900.0,0.2784,0.2878,ta2701,0.2421,,,,exact,exact
2026-08-03,15:24,ma,甲醇,ma2609,2600,52.0,54.5,60.5,61.0,0.8,0.349,,-0.012,9,2600.0,0.3617,0.3362,ma2701,0.2788,,,,exact,exact
2026-08-03,15:24,au,沪金,au2610,888,29.72,30.74,30.48,31.64,3.8,0.2308,,-0.00285,51,888.0,0.1511,0.1863,au2612,0.2351,,,,exact,exact
2026-08-03,15:24,cf,棉花,cf2609,15600,164.0,175.0,96.0,97.0,1.0,0.1357,,0.00575,9,15600.0,0.1253,0.1288,cf2701,0.1219,,,,exact,exact
2026-08-03,15:24,sr,白糖,sr2609,5100,19.5,20.0,59.0,61.0,3.4,0.1245,,0.0111,9,5100.0,0.0812,0.0841,sr2701,0.1043,,,,exact,exact
2026-08-03,15:24,i,铁矿石,i2609,700,11.5,11.9,12.6,12.7,0.8,0.2145,,0.01385,15,700.0,0.1559,0.1492,i2701,0.1931,,,,exact,exact
2026-08-03,15:24,ru,橡胶,ru2609,16000,176.0,589.0,218.0,229.0,5.0,0.1928,,-0.00345,22,16000.0,0.1712,0.1915,ru2701,0.1732,,,,exact,exact
2026-08-04,09:19,m,豆粕,m2609,3050,46.0,47.0,23.5,24.0,2.1,0.147,,0.00085,14,3050.0,0.1223,0.1132,m2701,0.1241,,,,exact,exact
2026-08-04,09:19,c,玉米,c2609,2240,16.5,17.0,12.5,13.0,4.0,0.0841,,0.0028,14,2240.0,0.0669,0.0749,c2611,0.0722,,,,exact,exact
2026-08-04,09:19,rm,菜籽粕,rm2609,2325,18.5,19.0,30.0,31.0,3.3,0.1789,,0.0068,8,2325.0,0.1823,0.1607,rm2701,0.1553,,,,exact,exact
2026-08-04,09:19,ta,PTA,ta2609,5800,128.0,130.5,90.5,91.5,1.1,0.3206,,0.0071,8,5800.0,0.2889,0.2918,ta2701,0.2349,,,,exact,exact
2026-08-04,09:19,ma,甲醇,ma2609,2600,57.0,58.0,46.0,47.0,2.2,0.3377,,-0.0035,8,2600.0,0.3809,0.3417,ma2701,0.2762,,,,exact,exact
2026-08-04,09:19,au,沪金,au2610,888,27.6,27.78,30.92,31.3,1.2,0.2236,,-0.0041,50,888.0,0.1504,0.186,au2612,0.2348,,,,exact,exact
2026-08-04,09:19,cf,棉花,cf2609,15800,134.0,135.0,104.0,107.0,2.9,0.1283,,0.00555,8,15800.0,0.1263,0.127,cf2701,0.1192,,,,exact,exact
2026-08-04,09:19,sr,白糖,sr2609,5100,20.0,20.5,58.5,60.0,2.6,0.1316,,0.00615,8,5100.0,0.0803,0.0834,sr2701,0.1053,,,,exact,exact
2026-08-04,09:20,i,铁矿石,i2609,700,10.2,10.3,14.0,14.1,0.7,0.2216,,0.0154,14,700.0,0.1666,0.1534,i2701,0.1947,,,,exact,exact
2026-08-04,09:20,ru,橡胶,ru2609,16500,339.0,345.0,281.0,285.0,1.4,0.1974,,0.0059,21,16500.0,0.172,0.1915,ru2701,0.1688,,,,exact,exact
2026-08-05,09:33,m,豆粕,m2609,3050,33.0,33.5,24.5,25.0,2.0,0.126,,-0.00925,13,3050.0,0.1231,0.1123,m2701,0.1219,,,,exact,exact
2026-08-05,09:33,c,玉米,c2609,2240,15.5,16.0,11.0,11.5,4.5,0.0798,,-0.00105,13,2240.0,0.0658,0.0743,c2611,0.0723,,,,exact,exact
2026-08-05,09:33,rm,菜籽粕,rm2609,2300,24.5,25.5,17.0,18.0,5.9,0.1668,,-0.00435,7,2300.0,0.1825,0.1603,rm2701,0.1537,,,,exact,exact
2026-08-05,09:33,ta,PTA,ta2609,5800,83.0,85.0,108.5,110.0,1.4,0.3007,,-0.02505,7,5800.0,0.2926,0.2903,ta2701,0.2385,,,,exact,exact
2026-08-05,09:33,ma,甲醇,ma2609,2600,36.5,37.5,61.5,62.5,1.6,0.3437,,-0.00265,7,2600.0,0.3805,0.3409,ma2701,0.2666,,,,exact,exact
2026-08-05,09:33,au,沪金,au2610,888,30.68,30.8,27.58,27.86,1.0,0.2246,,-0.0031,49,888.0,0.1504,0.1847,au2612,0.0967,,,,exact,exact
2026-08-05,09:33,cf,棉花,cf2609,16000,64.0,66.0,161.0,167.0,3.7,0.1292,,-0.00325,7,16000.0,0.1281,0.1277,cf2701,0.1203,,,,exact,exact
2026-08-05,09:34,sr,白糖,sr2609,5100,23.5,24.0,38.0,38.5,1.3,0.1097,,-0.0074,7,5100.0,0.0817,0.0837,sr2701,0.1074,,,,exact,exact
2026-08-05,09:34,i,铁矿石,i2609,690,13.2,13.6,9.5,9.6,1.1,0.2203,,0.0029,13,690.0,0.1681,0.1536,i2701,0.1912,,,,exact,exact
2026-08-05,09:34,ru,橡胶,ru2609,16750,264.0,268.0,309.0,315.0,1.9,0.1843,,-0.00425,20,16750.0,0.1812,0.1941,ru2701,0.1758,,,,exact,exact
2026-08-06,20:00,m,豆粕,m2609,3100,26.0,26.5,37.0,38.0,2.7,0.1418,,-0.0026,12,3100.0,0.1221,0.1114,m2701,0.1257,,,,exact,exact
2026-08-06,20:01,c,玉米,c2609,2240,13.5,14.5,13.0,13.5,3.8,0.0839,,-0.0001,12,2240.0,0.0676,0.0747,c2611,0.0729,,,,exact,exact
2026-08-06,20:01,rm,菜籽粕,rm2609,2300,22.0,23.0,15.0,15.5,3.3,0.16,,-0.00945,6,2300.0,0.1817,0.1593,rm2701,0.1514,,,,exact,exact
2026-08-06,20:01,ta,PTA,ta2609,5700,88.0,90.5,74.5,77.5,4.0,0.2826,,-0.019,6,5700.0,0.2986,0.2933,ta2701,0.2276,,,,exact,exact
2026-08-06,20:01,ma,甲醇,ma2609,2500,38.5,39.0,43.0,43.5,1.2,0.3198,,-0.00895,6,2500.0,0.3648,0.3434,ma2701,0.2572,,,,exact,exact
2026-08-06,20:02,au,沪金,au2610,928,32.44,33.7,33.68,35.06,4.1,0.2505,,0.01345,48,928.0,0.1616,0.189,au2612,0.2542,,,,exact,exact
2026-08-06,20:02,cf,棉花,cf2609,16200,76.0,78.0,130.0,131.0,0.8,0.1249,,-0.0017,6,16200.0,0.1185,0.1267,cf2701,0.1068,,,,exact,exact
2026-08-06,20:02,sr,白糖,sr2609,5100,36.5,37.0,16.0,16.5,3.1,0.1013,,-0.01515,6,5100.0,0.0802,0.0826,sr2701,0.1207,,,,exact,exact
2026-08-06,20:03,i,铁矿石,i2609,720,8.6,8.7,9.4,9.8,4.3,0.1747,,-0.02345,12,720.0,0.1744,0.156,i2701,0.1837,,,,exact,exact
2026-08-06,20:03,ru,橡胶,ru2609,17000,234.0,240.0,321.0,348.0,8.4,0.1842,,-0.0066,19,17000.0,0.1787,0.1891,ru2701,0.1736,,,,exact,exact
2026-08-07,09:17,rm,菜籽粕,rm2609,2325,12.0,12.5,24.0,24.5,2.1,0.1677,,0.00045,5,2325.0,0.1817,0.1593,rm2701,0.1503,,,,exact,exact
2026-08-07,09:18,ru,橡胶,ru2609,17000,211.0,213.0,333.0,340.0,2.1,0.1816,,-0.00135,18,17000.0,0.1787,0.1891,ru2701,0.1712,,,,exact,exact
2026-08-07,19:18,m,豆粕,m2609,3100,31.0,31.5,28.5,30.0,5.3,0.1405,,0.00725,11,3100.0,0.1237,0.1108,m2701,0.1306,,,,exact,exact
2026-08-07,19:18,c,玉米,c2609,2240,15.0,15.5,10.0,10.5,5.0,0.082,,0.0011,11,2240.0,0.0675,0.0745,c2611,0.0779,,,,exact,exact
2026-08-07,19:19,ta,PTA,ta2609,5800,74.5,77.0,75.0,76.0,1.3,0.2785,,-0.0111,5,5800.0,0.2971,0.2924,ta2701,0.241,,,,exact,exact
2026-08-07,19:19,ma,甲醇,ma2609,2500,37.5,38.5,36.0,36.5,1.4,0.3172,,-0.01325,5,2500.0,0.3632,0.3424,ma2701,0.2657,,,,exact,exact
2026-08-07,19:19,au,沪金,au2610,936,35.0,35.96,34.36,35.18,2.4,0.2614,,0.0184,47,936.0,0.1649,0.19,au2612,0.2545,,,,exact,exact
2026-08-07,19:19,cf,棉花,cf2609,16200,96.0,98.0,86.0,88.0,2.3,0.1213,,-0.00395,5,16200.0,0.1146,0.1264,cf2701,0.1162,,,,exact,exact
2026-08-07,19:19,sr,白糖,sr2609,5200,13.0,13.5,60.0,62.0,3.3,0.1525,,0.0214,5,5200.0,0.0833,0.0831,sr2701,0.1268,,,,exact,exact
2026-08-07,19:20,i,铁矿石,i2609,720,6.5,6.9,10.0,10.4,4.0,0.169,,-0.02565,11,720.0,0.1743,0.1558,i2701,0.1832,,,,exact,exact
2026-08-10,09:11,m,豆粕,m2609,3100,22.5,23.0,31.5,32.0,1.6,0.1484,,0.0033,8,3100.0,0.1237,0.1108,m2701,0.1284,,,,exact,exact
2026-08-10,09:11,c,玉米,c2609,2260,9.0,9.5,13.0,13.5,3.8,0.0841,,0.0001,8,2260.0,0.0675,0.0745,c2611,0.0778,,,,exact,exact
2026-08-10,09:11,rm,菜籽粕,rm2609,2325,9.5,10.0,17.5,18.5,5.7,0.2015,,0.02075,2,2325.0,0.1819,0.1585,rm2701,0.1532,,,,exact,exact
2026-08-10,09:11,ta,PTA,ta2609,5800,43.5,45.0,85.5,88.0,2.9,0.3814,,0.0494,2,5800.0,0.2971,0.2924,ta2701,0.2449,,,,exact,exact
2026-08-10,09:11,ma,甲醇,ma2609,2550,23.0,23.5,39.5,40.0,1.3,0.4172,,0.0487,2,2550.0,0.3632,0.3424,ma2701,0.266,,,,exact,exact
2026-08-10,09:12,au,沪金,au2610,944,30.8,31.1,34.36,34.76,1.2,0.2498,,-0.00035,44,944.0,0.1649,0.19,au2612,0.2474,,,,exact,exact
2026-08-10,09:12,cf,棉花,cf2609,16200,115.0,118.0,49.0,51.0,4.1,0.1736,,0.02435,2,16200.0,0.1146,0.1264,cf2701,0.1233,,,,exact,exact
2026-08-10,09:12,sr,白糖,sr2609,5200,29.0,29.5,29.0,30.0,3.4,0.1908,,0.04475,2,5200.0,0.0833,0.0831,sr2701,0.1344,,,,exact,exact
2026-08-10,09:12,i,铁矿石,i2609,710,8.6,8.8,7.8,8.0,2.6,0.1974,,0.01135,8,710.0,0.1743,0.1558,i2701,0.1842,,,,exact,exact
2026-08-10,09:12,ru,橡胶,ru2609,17000,216.0,219.0,302.0,309.0,2.3,0.1897,,0.00275,15,17000.0,0.177,0.1844,ru2701,0.1695,,,,exact,exact
2026-08-11,10:41,c,玉米,c2609,2280,6.5,7.0,13.5,14.0,3.7,0.0812,,-0.0004,7,2280.0,0.0667,0.0746,c2611,0.0783,,,,exact,exact
2026-08-11,10:41,rm,菜籽粕,rm2609,2300,6.5,7.0,11.0,11.5,4.5,0.1869,,0.0096,1,2300.0,0.1754,0.1585,rm2701,0.1506,,,,exact,exact
2026-08-11,19:00,m,豆粕,m2609,3100,20.5,21.5,29.5,30.0,1.7,0.1478,,0.00365,7,3100.0,0.1186,0.1094,m2701,0.1268,,,,exact,exact
2026-08-11,19:00,ta,PTA,ta2609,5800,20.5,22.0,60.5,65.0,7.4,0.3459,,0.0337,1,5800.0,0.2686,0.2905,ta2701,0.2491,,,,exact,exact
2026-08-11,19:01,ma,甲醇,ma2609,2600,33.5,36.0,10.5,11.0,4.8,0.4179,,0.05035,1,2600.0,0.317,0.3423,ma2701,0.2802,,,,exact,exact
2026-08-11,19:01,au,沪金,au2610,952,31.58,32.88,34.0,34.92,2.7,0.2551,,-0.00315,43,952.0,0.1683,0.1889,au2612,0.0881,,,,exact,exact
2026-08-11,19:01,cf,棉花,cf2609,16200,85.0,90.0,27.0,28.0,3.7,0.1695,,0.0241,1,16200.0,0.1125,0.1246,cf2701,0.1105,,,,exact,exact
2026-08-11,19:01,sr,白糖,sr2609,5200,14.0,14.5,11.5,12.0,4.3,0.1194,,-0.01655,1,5200.0,0.0843,0.0829,sr2701,0.1161,,,,exact,exact
2026-08-11,19:01,i,铁矿石,i2609,720,8.0,8.5,6.1,6.3,3.3,0.1812,,0.0061,7,720.0,0.1748,0.1574,i2701,0.1757,,,,exact,exact
2026-08-11,19:01,ru,橡胶,ru2609,17000,217.0,220.0,248.0,279.0,12.5,0.181,,-0.0003,14,17000.0,0.166,0.1826,ru2701,0.1684,,,,exact,exact
2026-08-11,23:51,au,沪金,au2610,952,33.34,33.66,32.52,32.88,1.1,0.2532,,0.0017,43,952.0,0.1683,0.1889,au2612,0.088,morning,1.0,,exact,exact
2026-08-12,09:16,m,豆粕,m2609,3100,16.0,16.5,37.5,38.0,3.1,0.1698,,0.0107,6,3100.0,0.1186,0.1094,m2701,0.1215,morning,1.0,,exact,exact
2026-08-12,09:16,c,玉米,c2609,2260,8.0,8.5,9.0,9.5,6.2,0.0755,,-0.0043,6,2260.0,0.0672,0.0744,c2611,0.0821,morning,1.0,,exact,exact
2026-08-12,09:16,rm,菜籽粕,rm2609,2275,11.5,12.0,2.0,2.5,25.0,0.0393,,-0.0811,0,2275.0,0.1749,0.1586,rm2701,0.1508,morning,0.0,,expired,exact
2026-08-12,09:16,ta,PTA,ta2609,5700,25.0,25.5,16.0,16.5,3.1,0.0465,,-0.16745,0,5700.0,0.2686,,ta2701,0.2433,morning,1.0,,expired,exact
2026-08-12,09:16,ma,甲醇,ma2609,2600,13.0,13.5,10.5,11.0,4.8,0.0589,,-0.17915,0,2600.0,0.317,0.3423,ma2701,0.2814,morning,1.0,,expired,exact
2026-08-12,09:16,au,沪金,au2610,952,34.6,34.96,31.34,31.46,1.0,0.2562,,0.00055,42,952.0,0.1683,0.1889,au2612,0.4233,morning,1.0,,exact,exact
2026-08-12,09:16,cf,棉花,cf2609,16200,65.0,67.0,15.0,16.0,6.7,0.0321,,-0.07075,0,16200.0,0.1125,0.1246,cf2701,0.1204,morning,1.0,,expired,exact
2026-08-12,09:16,sr,白糖,sr2609,5200,13.0,13.5,4.0,4.5,12.5,0.0215,,-0.08465,0,5200.0,0.0843,0.0829,sr2701,0.1245,morning,1.0,,expired,exact
2026-08-12,09:16,i,铁矿石,i2609,720,9.2,9.5,4.6,4.9,6.5,0.1909,,-0.00325,6,720.0,0.1748,0.1574,i2701,0.1753,morning,1.0,,exact,exact
2026-08-12,09:16,ru,橡胶,ru2609,17000,227.0,230.0,239.0,243.0,1.7,0.1829,,-0.0034,13,17000.0,0.166,0.1826,ru2701,0.1698,morning,1.0,,exact,exact
2026-08-12,17:41,m,豆粕,m2609,3100,21.5,22.0,25.5,26.0,2.3,0.1494,,0.0008,6,3100.0,0.117,0.1078,m2701,0.1232,night,1.0,,exact,exact
2026-08-12,17:41,c,玉米,c2609,2260,9.5,10.0,7.0,7.5,7.1,0.0733,,-0.00395,6,2260.0,0.0666,0.0744,c2611,0.0843,night,1.0,,exact,exact
2026-08-12,17:41,au,沪金,au2610,960,33.02,34.0,34.16,35.52,4.0,0.2624,,0.0046,42,960.0,0.1649,0.189,au2612,0.4269,night,1.0,,exact,exact
2026-08-12,17:42,cf,棉花,cf2609,16200,71.0,86.0,0.0,1.0,99900.0,0.0311,,-0.0692,0,16200.0,0.1107,0.1244,cf2701,0.1204,night,0.0,,expired,exact
2026-08-12,17:42,i,铁矿石,i2609,720,6.6,7.1,6.0,6.1,7.6,0.1747,,-0.00325,6,720.0,0.1753,0.1575,i2701,0.1826,night,1.0,,exact,exact
2026-08-12,17:42,ru,橡胶,ru2609,17000,232.0,239.0,192.0,201.0,4.7,0.1683,,-0.00635,13,17000.0,0.1644,0.1826,ru2701,0.1651,night,1.0,,exact,exact
2026-08-13,08:40,m,豆粕,m2609,3100,20.0,20.5,28.0,29.5,5.4,0.1688,,-0.0005,5,3100.0,0.117,0.1078,m2701,0.123,night,1.0,,exact,exact
2026-08-13,08:40,c,玉米,c2609,2260,6.5,7.0,9.5,10.5,10.5,0.0792,,0.00185,5,2260.0,0.0666,0.0744,c2611,0.0845,night,1.0,,exact,exact
2026-08-13,08:40,cf,棉花,cf2609,16200,71.0,86.0,0.0,1.0,99900.0,0.0323,,0.0001,-1,16200.0,0.1107,0.1244,cf2701,0.1191,night,0.0,,expired,exact
2026-08-13,08:40,i,铁矿石,i2609,730,4.3,4.4,8.7,9.1,4.6,0.1938,,0.00145,5,730.0,0.1753,0.1575,i2701,0.1789,night,1.0,,exact,exact
2026-08-13,08:41,ru,橡胶,ru2609,17000,169.0,175.0,212.0,233.0,9.9,0.16,,-0.01145,12,17000.0,0.1644,0.1826,ru2701,0.1683,night,1.0,,exact,exact
2026-08-13,09:30,m,豆粕,m2609,3100,26.0,26.5,7.0,7.5,7.1,0.1154,,-0.017,5,3100.0,0.117,0.1078,m2701,0.1187,morning,1.0,,exact,exact
2026-08-13,09:30,c,玉米,c2609,2260,8.5,9.0,7.5,8.0,6.7,0.078,,0.00235,5,2260.0,0.0666,0.0744,c2611,0.0829,morning,1.0,,exact,exact
2026-08-13,09:30,rm,菜籽粕,rm2701,2250,73.5,75.0,78.0,79.5,2.0,0.1482,,-0.01935,120,2250.0,0.1297,0.1135,rm2705,0.1407,morning,1.0,,exact,legacy
2026-08-13,09:30,ta,PTA,ta2701,5500,321.0,323.5,273.0,275.5,0.9,0.2364,,-0.05475,120,5500.0,0.2345,0.2557,ta2705,0.2866,morning,1.0,,exact,legacy
2026-08-13,09:30,ma,甲醇,ma2701,2550,146.0,147.5,149.5,151.0,1.0,0.2539,,-0.082,120,2550.0,0.2665,0.2614,ma2705,0.1361,morning,1.0,,exact,legacy
2026-08-13,09:30,au,沪金,au2610,960,32.86,33.02,31.72,31.96,0.8,0.2517,,-0.00225,41,960.0,0.1649,0.189,au2612,0.4285,morning,1.0,,exact,exact
2026-08-13,09:30,cf,棉花,cf2701,16800,409.0,416.0,471.0,481.0,2.1,0.1153,,0.0421,120,16800.0,0.1027,0.1198,cf2705,0.1002,morning,1.0,,exact,legacy
2026-08-13,09:30,sr,白糖,sr2701,5300,129.0,130.5,140.0,141.5,1.2,0.1113,,-0.00405,120,5300.0,0.0805,0.0792,sr2705,0.117,morning,1.0,,exact,legacy
2026-08-13,09:31,i,铁矿石,i2609,720,8.7,8.9,4.3,4.4,2.3,0.1951,,0.0102,5,720.0,0.1753,0.1575,i2701,0.1753,morning,1.0,,exact,exact
2026-08-13,09:31,ru,橡胶,ru2609,17000,170.0,171.0,217.0,223.0,2.8,0.1584,,-0.00495,12,17000.0,0.1644,0.1826,ru2701,0.166,morning,1.0,,exact,exact
2026-08-13,15:05,m,豆粕,m2609,3100,19.5,20.0,11.0,11.5,4.5,0.1068,,-0.031,5,3100.0,0.117,0.1078,m2701,0.1173,afternoon,1.0,,exact,exact
2026-08-13,15:05,c,玉米,c2609,2260,7.0,7.5,8.0,9.5,18.8,0.0756,,-0.0018,5,2260.0,0.0666,0.0744,c2611,0.0824,afternoon,0.0,,exact,exact
2026-08-13,15:05,rm,菜籽粕,rm2701,2225,76.5,84.5,67.5,72.5,10.5,0.1475,,0.0541,120,2225.0,0.1297,0.1135,rm2705,0.1364,afternoon,1.0,,exact,legacy
2026-08-13,15:06,ta,PTA,ta2701,5600,296.0,308.5,308.5,319.5,4.2,0.2399,,0.0967,120,5600.0,0.2345,0.2557,ta2705,0.2866,afternoon,1.0,,exact,legacy
2026-08-13,15:06,ma,甲醇,ma2701,2550,157.5,166.5,143.0,145.5,5.7,0.2618,,0.10145,120,2550.0,0.2665,0.2614,ma2705,0.1361,afternoon,1.0,,exact,legacy
2026-08-13,15:06,au,沪金,au2610,952,30.54,31.68,29.74,30.72,3.7,0.2403,,-0.01105,41,952.0,0.1649,0.189,au2612,0.0845,afternoon,1.0,,exact,exact
2026-08-13,15:06,cf,棉花,cf2701,16800,394.0,420.0,451.0,511.0,13.3,0.1152,,0.04145,120,16800.0,0.1027,0.1198,cf2705,0.1002,afternoon,1.0,,exact,legacy
2026-08-13,15:06,sr,白糖,sr2701,5300,126.0,132.0,135.5,140.0,4.8,0.1097,,0.0441,120,5300.0,0.0805,0.0792,sr2705,0.1258,afternoon,1.0,,exact,legacy
2026-08-13,15:06,i,铁矿石,i2609,720,6.7,6.8,4.9,5.0,2.0,0.1736,,-0.0101,5,720.0,0.1753,0.1575,i2701,0.1767,afternoon,1.0,,exact,exact
2026-08-13,15:06,ru,橡胶,ru2609,17000,164.0,175.0,204.0,250.0,22.5,0.1608,,0.0004,12,17000.0,0.1644,0.1826,ru2701,0.1644,afternoon,0.0,,exact,exact
2026-08-13,22:43,ma,甲醇,ma2701,2550,150.5,152.0,141.0,142.5,1.1,0.2505,,-0.0017,120,2550.0,0.2688,0.2621,ma2705,0.1361,night,1.0,,exact,legacy
2026-08-13,22:43,au,沪金,au2610,952,29.26,29.56,30.0,30.3,1.0,0.2333,,-0.0092,41,952.0,0.1663,0.1886,au2612,0.2388,night,1.0,,exact,exact
2026-08-14,08:48,m,豆粕,m2609,3100,15.0,15.5,11.5,12.5,8.7,0.105,,-0.0052,4,3100.0,0.1166,0.1081,m2701,0.1176,night,1.0,,exact,exact
2026-08-14,08:48,c,玉米,c2609,2260,5.5,6.5,9.0,9.5,18.2,0.0806,,0.0013,4,2260.0,0.0665,0.0741,c2611,0.0816,night,0.0,,exact,exact
2026-08-14,08:48,rm,菜籽粕,rm2701,2175,48.0,0.0,45.0,48.0,6.7,0.071,,-0.0386,119,2175.0,0.1299,0.1137,rm2705,0.0854,night,1.0,,exact,legacy
2026-08-14,08:48,ta,PTA,ta2701,5500,311.5,324.0,268.0,275.5,4.0,0.2346,,-0.0009,119,5500.0,0.234,0.2562,ta2705,0.2872,night,1.0,,exact,legacy
2026-08-14,08:48,ma,甲醇,ma2701,2550,149.0,157.0,135.5,150.5,11.1,0.2541,,-0.00385,119,2550.0,0.2688,0.2621,ma2705,0.1364,night,1.0,,exact,legacy
2026-08-14,08:48,au,沪金,au2610,944,30.24,32.16,26.76,28.2,6.3,0.2347,,-0.0028,40,944.0,0.1663,0.1886,au2612,0.3685,night,1.0,,exact,exact
2026-08-14,08:48,cf,棉花,cf2701,16400,278.0,1100.0,267.0,328.0,295.7,0.1317,,0.0082,119,16400.0,0.1027,0.1187,cf2705,0.1004,night,0.0,,exact,legacy
2026-08-14,08:48,sr,白糖,sr2701,5300,133.0,144.0,117.5,130.0,10.6,0.1083,,-0.0015,119,5300.0,0.0837,0.081,sr2705,0.0638,night,1.0,,exact,legacy
2026-08-14,08:49,i,铁矿石,i2609,720,7.6,8.0,3.5,3.6,5.3,0.1882,,-0.00345,4,720.0,0.1756,0.1576,i2701,0.1102,night,1.0,,exact,exact
2026-08-14,08:49,ru,橡胶,ru2609,16750,217.0,249.0,130.0,141.0,14.7,0.1584,,-0.0,11,16750.0,0.1593,0.1791,ru2701,0.176,night,1.0,,exact,exact
2026-08-14,09:30,m,豆粕,m2609,3100,16.0,16.5,9.5,10.0,5.3,0.1001,,-0.00335,4,3100.0,0.1166,0.1081,m2701,0.1162,morning,1.0,,exact,exact
2026-08-14,09:30,c,玉米,c2609,2260,6.0,6.5,7.5,8.0,8.3,0.074,,-0.0008,4,2260.0,0.0665,0.0741,c2611,0.0823,morning,1.0,,exact,exact
2026-08-14,09:30,rm,菜籽粕,rm2701,2250,70.5,72.0,80.0,81.0,2.1,0.1476,,5e-05,119,2250.0,0.1299,0.1137,rm2705,0.0854,morning,1.0,,exact,legacy
2026-08-14,09:30,ta,PTA,ta2701,5600,296.0,299.0,299.5,301.0,1.0,0.2337,,-0.0031,119,5600.0,0.234,0.2562,,,morning,1.0,,exact,
2026-08-14,09:30,ma,甲醇,ma2701,2550,150.5,152.5,135.5,137.0,1.3,0.247,,-0.00175,119,2550.0,0.2688,0.2621,ma2705,0.1364,morning,1.0,,exact,legacy
2026-08-14,09:30,au,沪金,au2610,936,29.8,30.2,26.4,26.64,1.3,0.228,,-0.00265,40,936.0,0.1663,0.1886,au2612,0.2558,morning,1.0,,exact,exact
2026-08-14,09:30,cf,棉花,cf2701,16800,393.0,398.0,474.0,478.0,1.3,0.1136,,-0.0008,119,16800.0,0.1027,0.1187,cf2705,0.1004,morning,1.0,,exact,legacy
2026-08-14,09:30,sr,白糖,sr2701,5300,139.5,140.5,123.0,124.5,1.2,0.1089,,-0.0004,119,5300.0,0.0837,0.081,sr2705,0.116,morning,1.0,,exact,legacy
2026-08-14,09:30,i,铁矿石,i2609,730,4.2,4.3,6.7,7.0,4.5,0.1816,,0.004,4,730.0,0.1756,0.1576,i2701,0.1705,morning,1.0,,exact,exact
2026-08-14,09:30,ru,橡胶,ru2609,16750,229.0,235.0,139.0,142.0,2.6,0.1601,,-0.00035,11,16750.0,0.1593,0.1791,ru2701,0.1666,morning,1.0,,exact,exact
2026-08-14,14:50,m,豆粕,m2609,3100,21.5,22.0,5.0,5.5,10.0,0.104,,-0.0005,4,3100.0,0.1166,0.1081,m2701,0.1157,afternoon,1.0,,exact,exact
2026-08-14,14:50,c,玉米,c2609,2260,3.5,4.0,10.5,11.0,14.3,0.0766,,-0.002,4,2260.0,0.0665,0.0741,c2611,0.0804,afternoon,1.0,,exact,exact
2026-08-14,14:50,rm,菜籽粕,rm2701,2250,71.0,72.0,81.5,83.0,1.8,0.1496,,0.0393,119,2250.0,0.1299,,rm2705,0.1497,afternoon,1.0,,exact,legacy
2026-08-14,14:50,ta,PTA,ta2701,5700,291.5,293.5,330.0,331.5,0.7,0.2394,,0.0024,119,5700.0,0.234,0.2562,ta2705,0.2872,afternoon,1.0,,exact,legacy
2026-08-14,14:50,ma,甲醇,ma2701,2600,152.5,154.5,148.5,150.5,1.3,0.2551,,0.0005,119,2600.0,0.2688,0.2621,ma2705,0.1263,afternoon,1.0,,exact,legacy
2026-08-14,14:50,au,沪金,au2610,944,28.06,28.34,29.26,29.6,1.2,0.2305,,-0.0021,40,944.0,0.1663,0.1886,au2612,0.2351,afternoon,1.0,,exact,exact
2026-08-14,14:51,cf,棉花,cf2701,16800,405.0,412.0,464.0,469.0,1.7,0.114,,-0.00885,119,16800.0,0.1027,0.1187,cf2705,0.1004,afternoon,1.0,,exact,legacy
2026-08-14,14:51,sr,白糖,sr2701,5300,134.0,135.5,127.5,129.0,1.2,0.1086,,0.00015,119,5300.0,0.0837,0.081,sr2705,0.116,afternoon,1.0,,exact,legacy
2026-08-14,14:51,i,铁矿石,i2609,730,2.9,3.0,7.8,8.3,6.4,0.1799,,-0.00415,4,730.0,0.1756,0.1576,i2701,0.1713,afternoon,1.0,,exact,exact
2026-08-14,14:51,ru,橡胶,ru2609,16750,234.0,241.0,137.0,138.0,3.0,0.1612,,0.0014,11,16750.0,0.1593,0.1791,ru2701,0.1641,afternoon,1.0,,exact,exact
2026-08-17,09:15,m,豆粕,m2609,3150,5.5,6.0,25.5,26.5,9.1,0.2407,,0.0703,1,3150.0,0.1157,0.1077,m2611,0.1199,morning,1.0,,exact,exact
2026-08-17,09:15,c,玉米,c2609,2260,2.0,2.5,11.5,12.0,25.0,0.1479,,0.03695,1,2260.0,0.0638,0.0733,c2611,0.0822,morning,0.0,,exact,exact
2026-08-17,09:15,rm,菜籽粕,rm2611,2200,53.0,54.0,46.5,47.5,2.2,0.1445,,-0.00155,57,2200.0,0.153,0.1301,rm2701,0.1512,morning,1.0,,exact,exact
2026-08-17,09:15,ta,PTA,ta2610,5900,144.0,145.0,178.5,180.0,0.8,0.2621,,0.0142,25,5900.0,0.2488,0.2776,ta2701,0.2391,morning,1.0,,exact,exact
2026-08-17,09:15,ma,甲醇,ma2610,2700,82.5,83.5,85.0,85.5,1.2,0.2976,,0.0253,25,2700.0,0.3058,0.304,ma2701,0.2563,morning,1.0,,exact,exact
2026-08-17,09:15,au,沪金,au2610,960,27.78,27.98,30.08,30.36,0.9,0.2376,,0.0048,37,960.0,0.1697,0.1886,au2609,0.2206,morning,1.0,,exact,exact
2026-08-17,09:15,cf,棉花,cf2701,16800,461.0,467.0,428.0,434.0,1.4,0.1181,,0.00225,116,16800.0,0.0972,0.1182,cf2611,0.1114,morning,1.0,,exact,exact
2026-08-17,09:15,sr,白糖,sr2701,5300,129.5,131.5,129.0,131.0,1.6,0.109,,5e-05,116,5300.0,0.084,0.0812,sr2611,0.1033,morning,1.0,,exact,exact
2026-08-17,09:15,i,铁矿石,i2609,720,5.0,5.1,2.2,2.4,9.1,0.2438,,0.0311,1,720.0,0.1767,0.1575,i2610,0.1741,morning,1.0,,exact,exact
2026-08-17,09:15,ru,橡胶,ru2609,17000,189.0,191.0,158.0,162.0,2.5,0.1738,,0.00685,8,17000.0,0.1523,0.1778,ru2701,0.1662,morning,1.0,,exact,exact
2026-08-17,09:30,m,豆粕,m2609,3150,5.0,5.5,26.5,27.5,10.0,0.2445,,0.07025,1,3150.0,0.1157,0.1077,m2611,0.119,morning,1.0,,exact,exact
2026-08-17,09:30,c,玉米,c2609,2260,1.5,2.0,10.5,11.5,33.3,0.1347,,0.02905,1,2260.0,0.0638,0.0733,c2611,0.0809,morning,0.0,,exact,exact
2026-08-17,09:30,rm,菜籽粕,rm2611,2200,52.0,52.5,47.5,48.5,2.1,0.1441,,-0.00275,57,2200.0,0.153,0.1301,rm2701,0.1506,morning,1.0,,exact,exact
2026-08-17,09:30,ta,PTA,ta2610,5900,149.5,151.0,172.5,175.0,1.4,0.2623,,0.01145,25,5900.0,0.2488,0.2776,ta2701,0.2413,morning,1.0,,exact,exact
2026-08-17,09:30,ma,甲醇,ma2610,2700,86.0,86.5,82.0,83.0,1.2,0.2985,,0.0217,25,2700.0,0.3058,0.304,ma2701,0.2587,morning,1.0,,exact,exact
2026-08-17,09:30,au,沪金,au2610,960,27.62,27.78,30.4,30.62,0.7,0.2381,,0.0038,37,960.0,0.1697,0.1886,au2609,0.2233,morning,1.0,,exact,exact
2026-08-17,09:30,cf,棉花,cf2701,16800,462.0,469.0,421.0,429.0,1.9,0.1175,,0.00175,116,16800.0,0.0972,0.1182,cf2611,0.1108,morning,1.0,,exact,exact
2026-08-17,09:30,sr,白糖,sr2701,5300,137.0,138.0,124.5,126.5,1.6,0.11,,0.0007,116,5300.0,0.084,0.0812,sr2611,0.1028,morning,1.0,,exact,exact
2026-08-17,09:30,i,铁矿石,i2609,730,1.7,1.8,6.3,6.5,5.9,0.2666,,0.04335,1,730.0,0.1767,0.1575,i2610,0.175,morning,1.0,,exact,exact
2026-08-17,09:30,ru,橡胶,ru2609,17000,182.0,185.0,157.0,160.0,1.9,0.1699,,0.00435,8,17000.0,0.1523,0.1778,ru2701,0.1668,morning,1.0,,exact,exact
2026-08-17,14:58,m,豆粕,m2609,3150,3.5,4.0,22.0,23.0,14.3,0.199,,-0.02085,1,3150.0,0.1157,0.1077,m2611,0.1199,afternoon,1.0,,exact,exact
2026-08-17,14:58,c,玉米,c2609,2240,3.5,4.0,5.0,6.0,20.0,0.0986,,-0.02465,1,2240.0,0.0638,0.0733,c2611,0.0829,afternoon,0.0,,exact,exact
2026-08-17,14:58,rm,菜籽粕,rm2611,2200,51.5,52.0,51.0,51.5,1.0,0.1481,,0.0018,57,2200.0,0.153,0.1301,rm2701,0.1506,afternoon,1.0,,exact,exact
2026-08-17,14:58,ta,PTA,ta2610,5900,190.5,192.5,147.5,149.0,1.0,0.275,,0.00645,25,5900.0,0.2488,0.2776,ta2701,0.2444,afternoon,1.0,,exact,exact
2026-08-17,14:58,ma,甲醇,ma2610,2750,80.5,81.5,92.0,92.5,1.2,0.3009,,0.00165,25,2750.0,0.3058,0.304,ma2701,0.2564,afternoon,1.0,,exact,exact
2026-08-17,14:58,au,沪金,au2610,952,30.52,30.82,26.68,26.8,1.0,0.2368,,-0.0004,37,952.0,0.1697,0.1886,au2609,0.2147,afternoon,1.0,,exact,exact
2026-08-17,14:58,cf,棉花,cf2701,16800,406.0,414.0,477.0,484.0,2.0,0.1175,,-0.0003,116,16800.0,0.0972,0.1182,cf2611,0.1082,afternoon,1.0,,exact,exact
2026-08-17,14:58,sr,白糖,sr2701,5300,137.5,139.5,126.0,127.0,1.5,0.1109,,0.00095,116,5300.0,0.084,0.0812,sr2611,0.1043,afternoon,1.0,,exact,exact
2026-08-17,14:58,i,铁矿石,i2609,720,3.0,3.2,2.4,2.5,6.7,0.1841,,-0.02985,1,720.0,0.1767,0.1575,i2610,0.1729,afternoon,1.0,,exact,exact
2026-08-17,14:58,ru,橡胶,ru2609,17000,210.0,212.0,117.0,120.0,2.6,0.1637,,-0.00505,8,17000.0,0.1523,0.1778,ru2701,0.1679,afternoon,1.0,,exact,exact
2026-08-18,09:15,m,豆粕,m2609,3200,1.5,2.0,22.0,23.0,33.3,0.064,,-0.09025,0,3200.0,0.1081,0.1078,m2611,0.1272,morning,0.0,,expired,exact
2026-08-18,09:15,c,玉米,c2609,2240,9.0,10.0,0.5,1.0,100.0,0.0386,,-0.04805,0,2240.0,0.0636,0.0739,c2611,0.0848,morning,0.0,,expired,exact
2026-08-18,09:15,rm,菜籽粕,rm2611,2225,53.5,54.5,52.5,53.5,1.9,0.1535,,0.0047,56,2225.0,0.1508,0.1307,rm2701,0.1547,morning,1.0,,exact,exact
2026-08-18,09:15,ta,PTA,ta2610,6000,146.0,147.5,186.5,187.5,1.0,0.2712,,0.00445,24,6000.0,0.2423,0.2728,ta2701,0.2425,morning,1.0,,exact,exact
2026-08-18,09:15,ma,甲醇,ma2610,2750,86.0,87.5,82.5,83.0,1.7,0.3005,,0.001,24,2750.0,0.289,0.3029,ma2701,0.2561,morning,1.0,,exact,exact
2026-08-18,09:15,au,沪金,au2610,960,29.72,29.86,27.46,27.76,1.1,0.238,,-5e-05,36,960.0,0.1681,0.1883,au2609,0.2162,morning,1.0,,exact,exact
2026-08-18,09:15,cf,棉花,cf2701,16800,447.0,454.0,436.0,441.0,1.6,0.1178,,0.00015,115,16800.0,0.0924,0.119,cf2611,0.1109,morning,1.0,,exact,exact
2026-08-18,09:15,sr,白糖,sr2701,5300,130.5,132.5,133.0,135.5,1.9,0.1117,,0.00085,115,5300.0,0.0833,0.0812,sr2611,0.1103,morning,1.0,,exact,exact
2026-08-18,09:15,i,铁矿石,i2609,720,4.2,4.4,1.1,1.2,9.1,0.0639,,-0.10135,0,720.0,0.1754,0.1574,i2610,0.1716,morning,1.0,,expired,exact
2026-08-18,09:16,ru,橡胶,ru2609,17000,174.0,177.0,122.0,125.0,2.5,0.1588,,-0.00555,7,17000.0,0.1512,0.1783,ru2701,0.1618,morning,1.0,,exact,exact
2026-08-18,09:30,m,豆粕,m2609,3200,2.5,3.0,16.5,18.0,20.0,0.0528,,-0.0731,0,3200.0,0.1081,0.1078,m2611,0.1381,morning,0.0,,expired,exact
2026-08-18,09:30,c,玉米,c2609,2240,10.0,10.5,0.5,1.0,100.0,0.0415,,-0.02855,0,2240.0,0.0636,0.0739,c2611,0.0861,morning,0.0,,expired,exact
2026-08-18,09:30,rm,菜籽粕,rm2611,2225,56.0,57.0,52.0,53.5,2.9,0.1567,,0.0043,56,2225.0,0.1508,0.1307,rm2701,0.1554,morning,1.0,,exact,exact
2026-08-18,09:30,ta,PTA,ta2610,6000,159.5,160.0,176.5,177.5,0.6,0.2736,,-0.0007,24,6000.0,0.2423,0.2728,ta2701,0.2439,morning,1.0,,exact,exact
2026-08-18,09:30,ma,甲醇,ma2610,2750,94.0,95.0,78.0,78.5,1.1,0.3062,,0.00265,24,2750.0,0.289,0.3029,ma2701,0.2584,morning,1.0,,exact,exact
2026-08-18,09:30,au,沪金,au2610,960,29.18,29.32,27.6,27.84,0.9,0.2362,,-0.0003,36,960.0,0.1681,0.1883,au2609,0.2136,morning,1.0,,exact,exact
2026-08-18,09:30,cf,棉花,cf2701,16800,473.0,478.0,413.0,419.0,1.5,0.1182,,0.00035,115,16800.0,0.0924,0.119,cf2611,0.1098,morning,1.0,,exact,exact
2026-08-18,09:30,sr,白糖,sr2701,5300,132.5,133.5,133.5,135.0,1.1,0.1123,,0.0007,115,5300.0,0.0833,0.0812,sr2611,0.1107,morning,1.0,,exact,exact
2026-08-18,09:30,i,铁矿石,i2609,720,3.5,3.6,1.4,1.5,7.1,0.0586,,-0.06275,0,720.0,0.1754,0.1574,i2610,0.1716,morning,1.0,,expired,exact
2026-08-18,09:30,ru,橡胶,ru2609,17000,174.0,178.0,123.0,126.0,2.4,0.1596,,-0.00205,7,17000.0,0.1512,0.1783,ru2701,0.1622,morning,1.0,,exact,exact
2026-08-18,14:50,rm,菜籽粕,rm2611,2250,57.0,58.0,56.5,57.5,1.8,0.1624,,0.00445,56,2250.0,0.1508,0.1307,rm2701,0.1557,afternoon,1.0,,exact,exact
2026-08-18,14:50,ta,PTA,ta2610,6000,175.5,176.5,168.5,170.0,0.9,0.2805,,0.00465,24,6000.0,0.2423,0.2728,ta2701,0.2491,afternoon,1.0,,exact,exact
2026-08-18,14:50,ma,甲醇,ma2610,2800,77.0,78.0,101.0,102.0,1.3,0.3116,,0.00555,24,2800.0,0.289,0.3029,ma2701,0.2594,afternoon,1.0,,exact,exact
2026-08-18,14:50,au,沪金,au2610,960,26.38,26.54,29.88,30.16,0.9,0.2342,,-0.0019,36,960.0,0.1681,0.1883,au2609,0.2076,afternoon,1.0,,exact,exact
2026-08-18,14:50,cf,棉花,cf2701,16800,460.0,465.0,422.0,428.0,1.4,0.1176,,-0.0001,115,16800.0,0.0924,0.119,cf2611,0.1093,afternoon,1.0,,exact,exact
2026-08-18,14:50,sr,白糖,sr2701,5300,145.0,147.0,126.0,127.5,1.4,0.1146,,0.00145,115,5300.0,0.0833,0.0812,sr2611,0.1119,afternoon,1.0,,exact,exact
2026-08-18,14:50,ru,橡胶,ru2609,17000,193.0,196.0,105.0,108.0,2.9,0.1598,,0.0005,7,17000.0,0.1512,0.1783,ru2701,0.1635,afternoon,1.0,,exact,exact
2026-08-18,19:14,m,豆粕,m2611,3250,74.0,75.5,82.0,84.5,3.0,0.1429,,0.03945,66,3250.0,0.1153,0.1064,m2701,0.1377,afternoon,1.0,,exact,exact
2026-08-18,19:14,c,玉米,c2611,2220,35.0,37.0,29.0,31.0,6.9,0.0874,,0.0244,66,2220.0,0.0661,0.0678,c2701,0.0871,afternoon,1.0,,exact,exact
2026-08-18,19:14,i,铁矿石,i2610,720,15.5,16.3,12.0,12.3,5.2,0.1728,,0.05445,29,720.0,0.1778,0.1541,i2701,0.1626,afternoon,1.0,,exact,exact
2026-08-19,09:16,m,豆粕,m2701,3250,98.0,99.0,105.5,107.0,1.4,0.1379,,0.04255,119,3250.0,0.1088,0.0974,m2611,0.142,morning,1.0,,exact,exact
2026-08-19,09:16,c,玉米,c2611,2260,34.0,34.5,35.5,36.5,2.8,0.0921,,0.0253,65,2260.0,0.0661,0.0678,c2701,0.091,morning,1.0,,exact,exact
2026-08-19,09:16,rm,菜籽粕,rm2611,2250,57.0,58.5,54.0,55.0,2.6,0.1606,,0.00195,55,2250.0,0.1611,0.1347,rm2701,0.1553,morning,1.0,,exact,exact
2026-08-19,09:16,ta,PTA,ta2610,6000,144.5,146.0,185.0,188.0,1.6,0.2753,,0.00085,23,6000.0,0.2393,0.2683,ta2701,0.2469,morning,1.0,,exact,exact
2026-08-19,09:16,ma,甲醇,ma2610,2850,88.5,89.5,102.0,103.0,1.1,0.3346,,0.0142,23,2850.0,0.2869,0.2982,ma2701,0.2659,morning,1.0,,exact,exact
2026-08-19,09:16,au,沪金,au2610,944,25.92,26.2,24.0,24.1,1.1,0.2143,,-0.01095,35,944.0,0.1646,0.1878,au2612,0.2294,morning,1.0,,exact,exact
2026-08-19,09:16,cf,棉花,cf2701,16800,441.0,449.0,442.0,449.0,1.8,0.1186,,0.0002,114,16800.0,0.0934,0.1192,cf2611,0.1102,morning,1.0,,exact,exact
2026-08-19,09:16,sr,白糖,sr2701,5400,145.5,146.5,159.5,160.0,0.7,0.1266,,0.00715,114,5400.0,0.087,0.0823,sr2611,0.1201,morning,1.0,,exact,exact
2026-08-19,09:16,i,铁矿石,i2610,730,12.2,12.5,15.0,15.4,2.7,0.1703,,0.05585,28,730.0,0.1778,0.1541,i2701,0.1587,morning,1.0,,exact,exact
2026-08-19,09:16,ru,橡胶,ru2701,17000,1411.0,1429.0,266.0,270.0,1.5,0.2096,,0.025,128,17000.0,0.144,0.1705,ru2610,0.1876,morning,1.0,,exact,exact
2026-08-19,09:30,m,豆粕,m2701,3250,99.5,100.5,102.0,103.5,1.5,0.1366,,-0.00315,119,3250.0,0.1088,0.0974,m2611,0.1431,morning,1.0,,exact,exact
2026-08-19,09:30,c,玉米,c2611,2260,31.5,32.0,37.5,38.5,2.7,0.0914,,0.002,65,2260.0,0.0661,0.0678,c2701,0.0904,morning,1.0,,exact,exact
2026-08-19,09:30,rm,菜籽粕,rm2611,2250,57.5,58.5,53.5,54.5,1.9,0.1603,,-0.00105,55,2250.0,0.1611,0.1347,rm2701,0.1553,morning,1.0,,exact,exact
2026-08-19,09:30,ta,PTA,ta2610,6000,145.0,146.5,189.5,192.5,1.6,0.2795,,-0.0005,23,6000.0,0.2393,0.2683,ta2701,0.2477,morning,1.0,,exact,exact
2026-08-19,09:30,ma,甲醇,ma2610,2850,95.0,96.0,94.5,95.5,1.1,0.3328,,0.0106,23,2850.0,0.2869,0.2982,ma2701,0.2651,morning,1.0,,exact,exact
2026-08-19,09:30,au,沪金,au2610,944,25.44,25.66,24.66,24.88,0.9,0.2152,,-0.0095,35,944.0,0.1646,0.1878,au2612,0.2303,morning,1.0,,exact,exact
2026-08-19,09:30,cf,棉花,cf2701,16800,426.0,431.0,452.0,460.0,1.8,0.1178,,0.0001,114,16800.0,0.0934,0.1192,cf2611,0.1084,morning,1.0,,exact,exact
2026-08-19,09:30,sr,白糖,sr2701,5400,141.5,143.0,162.0,164.0,1.2,0.1264,,0.0059,114,5400.0,0.087,0.0823,sr2611,0.1176,morning,1.0,,exact,exact
2026-08-19,09:30,i,铁矿石,i2610,730,12.3,12.6,15.0,15.2,2.4,0.1703,,-0.00125,28,730.0,0.1778,0.1541,i2701,0.1596,morning,1.0,,exact,exact
2026-08-19,09:30,ru,橡胶,ru2701,17000,1383.0,1394.0,273.0,280.0,2.6,0.2067,,0.02345,128,17000.0,0.144,0.1705,ru2610,0.1894,morning,1.0,,exact,exact
2026-08-19,14:50,m,豆粕,m2701,3250,99.0,100.0,100.0,101.0,1.0,0.1347,,-0.0016,119,3250.0,0.1088,0.0974,m2611,0.1408,afternoon,1.0,,exact,exact
2026-08-19,14:50,c,玉米,c2611,2300,21.5,22.0,55.0,55.5,2.3,0.0992,,0.00355,65,2300.0,0.0661,0.0678,c2701,0.0907,afternoon,1.0,,exact,exact
2026-08-19,14:50,rm,菜籽粕,rm2611,2275,56.0,57.0,59.5,60.5,1.8,0.1649,,0.00215,55,2275.0,0.1611,0.1347,rm2701,0.1568,afternoon,1.0,,exact,exact
2026-08-19,14:50,ta,PTA,ta2610,5900,153.5,155.5,166.5,168.0,1.3,0.2716,,-0.00185,23,5900.0,0.2393,0.2683,ta2701,0.2434,afternoon,1.0,,exact,exact
2026-08-19,14:50,ma,甲醇,ma2610,2850,88.5,89.5,96.5,97.5,1.1,0.325,,-0.0048,23,2850.0,0.2869,0.2982,ma2701,0.264,afternoon,1.0,,exact,exact
2026-08-19,14:50,au,沪金,au2610,944,25.0,25.18,24.58,24.78,0.8,0.2128,,-0.00075,35,944.0,0.1646,0.1878,au2612,0.2279,afternoon,1.0,,exact,exact
2026-08-19,14:50,cf,棉花,cf2701,16800,550.0,563.0,371.0,382.0,3.0,0.1242,,0.0028,114,16800.0,0.0934,0.1192,cf2611,0.1158,afternoon,1.0,,exact,exact
2026-08-19,14:51,sr,白糖,sr2701,5400,142.5,144.0,161.5,164.0,1.5,0.1267,,5e-05,114,5400.0,0.087,0.0823,sr2611,0.1165,afternoon,1.0,,exact,exact
2026-08-19,14:51,i,铁矿石,i2610,720,14.6,15.0,12.1,12.3,2.7,0.1692,,-0.00055,28,720.0,0.1778,0.1541,i2701,0.1613,afternoon,1.0,,exact,exact
2026-08-19,14:51,ru,橡胶,ru2701,17000,1498.0,1521.0,255.0,260.0,2.0,0.2194,,0.0049,128,17000.0,0.144,0.1705,ru2610,0.1715,afternoon,1.0,,exact,exact
2026-08-20,09:15,m,豆粕,m2701,3300,97.5,99.0,114.5,116.5,1.7,0.1424,,0.0029,118,3300.0,0.1083,0.0977,m2611,0.1495,morning,1.0,,exact,exact
2026-08-20,09:15,c,玉米,c2611,2260,35.5,36.0,32.0,33.0,3.1,0.0901,,-0.00065,64,2260.0,0.0774,0.0712,c2701,0.0887,morning,1.0,,exact,exact
2026-08-20,09:15,rm,菜籽粕,rm2611,2300,57.5,58.0,65.5,67.0,2.3,0.1752,,0.00745,54,2300.0,0.1599,0.1356,rm2701,0.1636,morning,1.0,,exact,exact
2026-08-20,09:15,ta,PTA,ta2610,5900,141.5,142.5,161.5,163.5,1.2,0.2628,,-0.00835,22,5900.0,0.2428,0.2693,ta2701,0.2444,morning,1.0,,exact,exact
2026-08-20,09:15,ma,甲醇,ma2610,2850,82.0,83.0,91.5,92.5,1.2,0.3117,,-0.01055,22,2850.0,0.2939,0.302,ma2701,0.2617,morning,1.0,,exact,exact
2026-08-20,09:15,au,沪金,au2610,976,27.32,27.62,29.1,29.44,1.2,0.2381,,0.01145,34,976.0,0.1611,0.1886,au2612,0.2447,morning,1.0,,exact,exact
2026-08-20,09:15,cf,棉花,cf2701,16800,602.0,613.0,329.0,335.0,1.8,0.1256,,0.0039,113,16800.0,0.0973,0.119,cf2611,0.1209,morning,1.0,,exact,exact
2026-08-20,09:15,sr,白糖,sr2701,5400,141.5,143.0,157.0,158.5,1.1,0.1248,,-0.0008,113,5400.0,0.0897,0.0825,sr2611,0.1183,morning,1.0,,exact,exact
2026-08-20,09:15,i,铁矿石,i2610,720,12.7,12.9,13.3,13.7,3.0,0.1679,,-0.0012,27,720.0,0.177,0.1543,i2701,0.1632,morning,1.0,,exact,exact
2026-08-20,09:15,ru,橡胶,ru2701,17000,1463.0,1598.0,236.0,242.0,9.2,0.2206,,0.00695,127,17000.0,0.1424,0.1703,ru2610,0.1745,morning,1.0,,exact,exact
2026-08-20,09:30,m,豆粕,m2701,3250,109.5,111.0,92.0,93.0,1.4,0.1371,,0.0012,118,3250.0,0.1083,0.0977,m2611,0.1493,morning,1.0,,exact,exact
2026-08-20,09:30,c,玉米,c2611,2260,35.5,36.0,32.0,32.5,1.6,0.0898,,-0.0047,64,2260.0,0.0774,0.0712,c2701,0.0882,morning,1.0,,exact,exact
2026-08-20,09:30,rm,菜籽粕,rm2611,2275,63.5,64.5,53.0,53.5,1.6,0.1675,,0.0013,54,2275.0,0.1599,0.1356,rm2701,0.1592,morning,1.0,,exact,exact
2026-08-20,09:30,ta,PTA,ta2610,5800,172.5,173.0,124.5,125.5,0.8,0.2614,,-0.0051,22,5800.0,0.2428,0.2693,ta2701,0.2417,morning,1.0,,exact,exact
2026-08-20,09:30,ma,甲醇,ma2610,2850,77.0,78.0,94.5,95.5,1.3,0.3082,,-0.0084,22,2850.0,0.2939,0.302,ma2701,0.2609,morning,1.0,,exact,exact
2026-08-20,09:30,au,沪金,au2610,976,27.98,28.24,29.1,29.42,1.1,0.2407,,0.01395,34,976.0,0.1611,0.1886,au2612,0.2448,morning,1.0,,exact,exact
2026-08-20,09:30,cf,棉花,cf2701,16800,582.0,592.0,343.0,348.0,1.7,0.1247,,0.00025,113,16800.0,0.0973,0.119,cf2611,0.1203,morning,1.0,,exact,exact
2026-08-20,09:30,sr,白糖,sr2701,5400,139.0,140.0,158.5,161.0,1.6,0.1245,,-0.0011,113,5400.0,0.0897,0.0825,sr2611,0.1163,morning,1.0,,exact,exact
2026-08-20,09:30,i,铁矿石,i2610,720,11.5,11.7,15.0,15.3,2.0,0.1708,,0.0008,27,720.0,0.177,0.1543,i2701,0.1632,morning,1.0,,exact,exact
2026-08-20,09:30,ru,橡胶,ru2701,17000,1466.0,1597.0,235.0,238.0,8.9,0.2204,,0.0005,127,17000.0,0.1424,0.1703,ru2610,0.1759,morning,1.0,,exact,exact
2026-08-20,14:50,m,豆粕,m2701,3250,108.5,110.0,93.0,94.5,1.6,0.1373,,-0.00255,118,3250.0,0.1083,0.0977,m2611,0.1499,afternoon,1.0,,exact,exact
2026-08-20,14:50,c,玉米,c2611,2260,34.5,35.0,33.5,34.0,1.5,0.0905,,0.0002,64,2260.0,0.0774,0.0712,c2701,0.0889,afternoon,1.0,,exact,exact
2026-08-20,14:50,rm,菜籽粕,rm2611,2275,60.5,61.0,54.0,55.0,1.9,0.1646,,-0.0053,54,2275.0,0.1599,0.1356,rm2701,0.156,afternoon,1.0,,exact,exact
2026-08-20,14:50,ta,PTA,ta2610,5900,144.0,145.0,156.0,157.5,1.0,0.26,,-0.0014,22,5900.0,0.2428,0.2693,ta2701,0.2403,afternoon,1.0,,exact,exact
2026-08-20,14:50,ma,甲醇,ma2610,2850,77.0,77.5,95.0,96.0,1.1,0.3086,,-0.00155,22,2850.0,0.2939,0.302,ma2701,0.2613,afternoon,1.0,,exact,exact
2026-08-20,14:50,au,沪金,au2610,976,26.74,27.02,29.74,30.08,1.1,0.2383,,0.0001,34,976.0,0.1611,0.1886,au2612,0.2431,afternoon,1.0,,exact,exact
2026-08-20,14:50,cf,棉花,cf2701,16800,601.0,608.0,333.0,338.0,1.5,0.1257,,5e-05,113,16800.0,0.0973,0.119,cf2611,0.1183,afternoon,1.0,,exact,exact
2026-08-20,14:50,sr,白糖,sr2701,5400,143.0,144.0,155.0,156.5,1.0,0.1245,,-0.00015,113,5400.0,0.0897,0.0825,sr2611,0.1161,afternoon,1.0,,exact,exact
2026-08-20,14:51,i,铁矿石,i2610,720,12.9,13.1,13.3,13.8,3.8,0.1695,,0.0008,27,720.0,0.177,0.1543,i2701,0.1661,afternoon,1.0,,exact,exact
2026-08-20,14:51,ru,橡胶,ru2701,17000,1606.0,1703.0,219.0,223.0,6.0,0.2338,,0.0066,127,17000.0,0.1424,0.1703,ru2610,0.2014,afternoon,1.0,,exact,exact
2026-08-21,09:15,m,豆粕,m2701,3250,101.0,103.0,100.0,102.5,2.5,0.1381,,0.0005,117,3250.0,0.1081,0.0988,m2611,0.1435,morning,1.0,,exact,exact
2026-08-21,09:15,c,玉米,c2611,2260,34.0,35.0,32.0,33.0,3.1,0.0892,,-0.0003,63,2260.0,0.0772,0.0709,c2701,0.0869,morning,1.0,,exact,exact
2026-08-21,09:15,rm,菜籽粕,rm2611,2250,51.5,53.0,58.5,60.0,2.9,0.1626,,-0.00245,53,2250.0,0.1578,0.1361,rm2701,0.1542,morning,1.0,,exact,exact
2026-08-21,09:15,ta,PTA,ta2610,5900,142.0,143.5,156.5,158.0,1.1,0.265,,0.0018,21,5900.0,0.2434,0.2694,ta2701,0.2423,morning,1.0,,exact,exact
2026-08-21,09:15,ma,甲醇,ma2610,2850,96.5,97.5,79.5,80.5,1.3,0.3236,,0.0077,21,2850.0,0.2936,0.3016,ma2701,0.2634,morning,1.0,,exact,exact
2026-08-21,09:15,au,沪金,au2610,976,30.14,30.42,26.94,27.1,0.9,0.2441,,0.0017,33,976.0,0.1623,0.189,au2612,0.2477,morning,1.0,,exact,exact
2026-08-21,09:15,sr,白糖,sr2701,5400,139.0,140.0,167.5,169.0,0.9,0.1286,,0.00205,112,5400.0,0.0903,0.0829,sr2611,0.1199,morning,1.0,,exact,exact
2026-08-21,09:15,i,铁矿石,i2610,720,11.2,11.6,14.1,14.7,4.3,0.1678,,-0.0015,26,720.0,0.1767,0.1562,i2701,0.1646,morning,1.0,,exact,exact
2026-08-21,09:15,ru,橡胶,ru2701,18500,723.0,734.0,762.0,774.0,1.6,0.1721,,-0.02415,126,18500.0,0.146,0.1693,ru2610,0.2016,morning,1.0,,exact,exact
2026-08-21,09:30,m,豆粕,m2701,3250,96.5,98.0,100.0,102.5,2.5,0.1348,,-0.00125,117,3250.0,,0.0988,m2611,0.1393,morning,1.0,,exact,exact
2026-08-21,09:30,c,玉米,c2611,2260,34.0,35.0,32.0,33.0,3.1,0.0892,,-0.00065,63,2260.0,0.0772,0.0709,c2701,0.0869,morning,1.0,,exact,exact
2026-08-21,09:30,rm,菜籽粕,rm2611,2250,49.0,50.0,61.0,62.0,2.0,0.1618,,-0.0014,53,2250.0,0.1578,0.1361,rm2701,0.153,morning,1.0,,exact,exact
2026-08-21,09:30,ta,PTA,ta2610,5900,165.0,167.0,137.0,139.0,1.5,0.2685,,0.00425,21,5900.0,0.2434,0.2694,ta2701,0.2464,morning,1.0,,exact,exact
2026-08-21,09:30,ma,甲醇,ma2610,2900,80.0,81.0,101.5,103.0,1.5,0.3284,,0.0099,21,2900.0,0.2936,0.3016,ma2701,0.2649,morning,1.0,,exact,exact
2026-08-21,09:30,au,沪金,au2610,984,27.34,27.66,30.58,30.96,1.2,0.2462,,0.00395,33,984.0,0.1623,0.189,au2612,0.2481,morning,1.0,,exact,exact
2026-08-21,09:30,sr,白糖,sr2701,5400,140.5,142.0,166.0,167.0,1.1,0.1286,,0.00205,112,5400.0,0.0903,0.0829,sr2611,0.119,morning,1.0,,exact,exact
2026-08-21,09:30,i,铁矿石,i2610,720,11.5,11.6,14.4,14.5,0.9,0.1691,,-0.0002,26,720.0,0.1767,0.1562,i2701,0.1643,morning,1.0,,exact,exact
2026-08-21,09:30,ru,橡胶,ru2701,18500,738.0,750.0,739.0,748.0,1.6,0.1711,,-0.03135,126,18500.0,0.146,0.1693,ru2610,0.202,morning,1.0,,exact,exact
2026-08-21,14:50,m,豆粕,m2701,3250,87.0,89.0,109.5,111.5,2.3,0.1348,,-0.00165,117,3250.0,0.1081,0.0988,m2611,0.166,afternoon,1.0,,exact,exact
2026-08-21,14:50,c,玉米,c2611,2260,36.0,36.5,32.5,33.5,3.1,0.0922,,0.0015,63,2260.0,0.0772,0.0709,c2701,0.0852,afternoon,1.0,,exact,exact
2026-08-21,14:50,rm,菜籽粕,rm2611,2225,57.5,58.5,48.5,49.5,2.1,0.1578,,-0.0024,53,2225.0,0.1578,0.1361,rm2701,0.1538,afternoon,1.0,,exact,exact
2026-08-21,14:50,ta,PTA,ta2610,5900,143.5,144.5,159.5,160.5,0.7,0.2685,,0.00175,21,5900.0,0.2434,0.2694,ta2701,0.2457,afternoon,1.0,,exact,exact
2026-08-21,14:50,ma,甲醇,ma2610,2900,91.5,92.0,87.5,88.5,1.1,0.323,,-0.0003,21,2900.0,0.2936,0.3016,ma2701,0.2712,afternoon,1.0,,exact,exact
2026-08-21,14:50,au,沪金,au2610,992,28.6,28.84,31.98,32.3,1.0,0.255,,0.00545,33,992.0,0.1623,0.189,au2612,0.2511,afternoon,1.0,,exact,exact
2026-08-21,14:50,sr,白糖,sr2701,5400,145.0,146.5,159.5,161.0,1.0,0.1279,,-0.00035,112,5400.0,0.0903,0.0829,sr2611,0.118,afternoon,1.0,,exact,exact
2026-08-21,14:51,i,铁矿石,i2610,720,11.6,11.9,13.7,13.8,2.6,0.1659,,-0.00095,26,720.0,0.1767,0.1562,i2701,0.1637,afternoon,1.0,,exact,exact
2026-08-21,14:51,ru,橡胶,ru2701,18500,759.0,772.0,700.0,714.0,2.0,0.1693,,-0.0014,126,18500.0,0.146,0.1693,ru2610,0.1918,afternoon,1.0,,exact,exact
2026-08-24,09:15,m,豆粕,m2701,3250,93.0,94.5,100.0,102.0,2.0,0.134,,-0.0004,114,3250.0,0.1135,0.1016,m2611,0.1447,morning,1.0,,exact,exact
2026-08-24,09:15,c,玉米,c2611,2280,36.5,37.0,34.5,35.0,1.4,0.0967,,0.00375,60,2280.0,0.0777,0.071,c2701,0.09,morning,1.0,,exact,exact
2026-08-24,09:15,rm,菜籽粕,rm2611,2250,49.5,50.5,56.0,57.5,2.7,0.1602,,-0.0008,50,2250.0,0.1419,0.1392,rm2701,0.1531,morning,1.0,,exact,exact
2026-08-24,09:15,ta,PTA,ta2610,5800,147.5,148.5,135.0,136.0,0.7,0.2751,,0.0033,18,5800.0,0.2377,0.2656,ta2701,0.2434,morning,1.0,,exact,exact
2026-08-24,09:15,ma,甲醇,ma2610,2850,82.5,83.5,81.5,82.0,1.2,0.3254,,-0.0015,18,2850.0,0.2927,0.3003,ma2701,0.2632,morning,1.0,,exact,exact
2026-08-24,09:15,au,沪金,au2610,1000,31.34,31.48,29.88,30.14,0.9,0.2678,,0.0108,30,1000.0,0.1666,0.1895,au2612,0.2606,morning,1.0,,exact,exact
2026-08-24,09:16,sr,白糖,sr2701,5400,146.0,147.5,155.0,156.5,1.0,0.1281,,-0.00025,109,5400.0,0.094,0.0842,sr2611,0.1199,morning,1.0,,exact,exact
2026-08-24,09:16,i,铁矿石,i2610,730,10.6,10.9,14.2,14.8,4.2,0.1722,,0.00155,23,730.0,0.1766,0.1564,i2701,0.1631,morning,1.0,,exact,exact
2026-08-24,09:16,ru,橡胶,ru2701,18500,714.0,726.0,756.0,766.0,1.7,0.1724,,0.00065,123,18500.0,0.1446,0.1664,ru2610,0.2007,morning,1.0,,exact,exact
2026-08-24,09:30,m,豆粕,m2701,3250,90.5,92.0,102.0,104.0,2.0,0.1337,,-0.00055,114,3250.0,0.1135,0.1016,m2611,0.143,morning,1.0,,exact,exact
2026-08-24,09:30,c,玉米,c2611,2280,36.5,37.5,34.5,35.0,2.7,0.097,,0.0024,60,2280.0,0.0777,0.071,c2701,0.0895,morning,1.0,,exact,exact
2026-08-24,09:30,rm,菜籽粕,rm2611,2225,55.5,56.0,46.0,47.5,3.3,0.1556,,-0.0011,50,2225.0,0.1419,0.1392,rm2701,0.1523,morning,1.0,,exact,exact
2026-08-24,09:30,ta,PTA,ta2610,5800,125.0,126.0,157.5,159.0,1.0,0.2754,,0.00345,18,5800.0,0.2377,0.2656,ta2701,0.2444,morning,1.0,,exact,exact
2026-08-24,09:30,ma,甲醇,ma2610,2850,86.0,87.0,79.0,80.0,1.3,0.3279,,0.00245,18,2850.0,0.2927,0.3003,ma2701,0.2597,morning,1.0,,exact,exact
2026-08-24,09:30,au,沪金,au2610,1000,30.0,30.1,30.26,30.3,0.3,0.263,,0.004,30,1000.0,0.1666,0.1895,au2612,0.2577,morning,1.0,,exact,exact
2026-08-24,09:30,sr,白糖,sr2701,5400,143.0,144.5,157.0,158.5,1.0,0.1277,,-0.0001,109,5400.0,0.094,0.0842,sr2611,0.119,morning,1.0,,exact,exact
2026-08-24,09:30,i,铁矿石,i2610,730,10.1,10.2,14.7,15.3,4.1,0.1716,,0.00285,23,730.0,0.1766,0.1564,i2701,0.1612,morning,1.0,,exact,exact
2026-08-24,09:30,ru,橡胶,ru2701,18500,708.0,716.0,754.0,767.0,1.7,0.1714,,0.00105,123,18500.0,0.1446,0.1664,ru2610,0.2078,morning,1.0,,exact,exact
2026-08-24,14:51,ma,甲醇,ma2610,2900,99.5,101.0,81.5,82.5,1.5,0.3537,,0.01415,18,2900.0,0.2927,0.3003,ma2701,0.2711,afternoon,1.0,,exact,exact
2026-08-24,14:51,au,沪金,au2610,1008,30.7,30.88,31.7,32.0,0.9,0.2709,,0.00155,30,1008.0,0.1666,0.1895,au2612,0.2635,afternoon,1.0,,exact,exact
2026-08-24,14:51,sr,白糖,sr2701,5400,142.0,143.5,163.5,164.5,1.1,0.1299,,0.0009,109,5400.0,0.094,0.0842,sr2611,0.1204,afternoon,1.0,,exact,exact
2026-08-24,14:51,i,铁矿石,i2610,730,10.8,11.1,13.4,14.0,4.5,0.1681,,-0.00205,23,730.0,0.1766,0.1564,i2701,0.1607,afternoon,1.0,,exact,exact
2026-08-24,14:51,ru,橡胶,ru2701,18750,745.0,755.0,860.0,871.0,1.3,0.1855,,0.00655,123,18750.0,0.1446,0.1664,ru2610,0.1876,afternoon,1.0,,exact,exact
2026-08-24,22:06,m,豆粕,m2701,3250,85.5,87.5,104.5,106.5,2.3,0.1321,,-0.00095,114,3250.0,0.1102,0.1015,m2611,0.1318,afternoon,1,,exact,exact
2026-08-24,22:06,c,玉米,c2611,2280,31.5,32.0,36.5,37.5,2.7,0.093,,-0.00185,60,2280.0,0.0803,0.0714,c2701,0.0145,afternoon,1,,exact,exact
2026-08-24,22:07,rm,菜籽粕,rm2611,2225,52.5,54.0,46.5,47.5,2.9,0.1522,,-0.004,50,2225.0,0.1344,0.1394,rm2701,0.1508,afternoon,1,,exact,exact
2026-08-24,22:07,ta,PTA,ta2610,5900,161.0,162.5,132.5,134.5,1.5,0.2817,,0.0033,18,5900.0,0.2233,0.2669,ta2701,0.2511,afternoon,1,,exact,exact
2026-08-24,22:07,cf,棉花,cf2701,17000,506.0,513.0,409.0,415.0,1.5,0.124,,-0.00035,109,17000.0,0.0997,0.1185,cf2611,0.1182,afternoon,1,,exact,exact
2026-08-25,09:15,m,豆粕,m2701,3250,86.5,88.0,103.0,104.5,1.7,0.132,,-0.00085,113,3250.0,0.1102,0.1015,m2611,0.1408,morning,1,,exact,exact
2026-08-25,09:15,c,玉米,c2611,2280,33.0,33.5,34.5,35.0,1.5,0.0927,,-0.00215,59,2280.0,0.0803,0.0714,c2701,0.0142,morning,1,,exact,exact
2026-08-25,09:15,rm,菜籽粕,rm2611,2250,48.0,49.0,55.0,56.5,2.7,0.1581,,0.00125,49,2250.0,0.1344,0.1394,rm2701,0.15,morning,1,,exact,exact
2026-08-25,09:15,ta,PTA,ta2610,6000,133.0,134.0,170.0,171.5,0.9,0.2937,,0.00915,17,6000.0,0.2233,0.2669,ta2701,0.2545,morning,1,,exact,exact
2026-08-25,09:15,ma,甲醇,ma2610,2950,89.0,90.0,90.5,91.5,1.1,0.3544,,0.01325,17,2950.0,0.2699,0.302,ma2701,0.2747,morning,1,,exact,exact
2026-08-25,09:15,au,沪金,au2610,1016,30.1,30.3,33.08,33.48,1.2,0.2771,,0.00705,29,1016.0,0.168,0.189,au2612,0.2667,morning,1,,exact,exact
2026-08-25,09:15,cf,棉花,cf2701,17000,502.0,508.0,411.0,416.0,1.2,0.1242,,-0.00075,108,17000.0,0.0997,0.1185,cf2611,0.1197,morning,1,,exact,exact
2026-08-25,09:15,sr,白糖,sr2701,5400,141.0,143.0,162.0,164.0,1.4,0.1298,,0.00105,108,5400.0,0.0941,0.0838,sr2611,0.1175,morning,1,,exact,exact
2026-08-25,09:15,i,铁矿石,i2610,730,9.9,10.1,13.8,14.3,3.6,0.1677,,-0.00195,22,730.0,0.1836,0.159,i2701,0.1607,morning,1,,exact,exact
2026-08-25,09:15,ru,橡胶,ru2701,18750,803.0,817.0,811.0,818.0,1.7,0.1873,,0.00795,122,18750.0,0.1472,0.1674,ru2610,0.2002,morning,1,,exact,exact
2026-08-25,09:30,m,豆粕,m2701,3250,85.5,87.0,104.5,106.0,1.8,0.1324,,0.00015,113,3250.0,0.1102,0.1015,m2611,0.1394,morning,1,,exact,exact
2026-08-25,09:30,c,玉米,c2611,2280,31.5,32.5,35.5,36.0,3.2,0.0924,,-0.0003,59,2280.0,0.0803,0.0714,c2701,0.0139,morning,1,,exact,exact
2026-08-25,09:30,rm,菜籽粕,rm2611,2250,47.0,48.0,56.0,57.0,2.1,0.1577,,0.00275,49,2250.0,0.1344,0.1394,rm2701,0.1508,morning,1,,exact,exact
2026-08-25,09:30,ta,PTA,ta2610,5900,161.5,163.5,132.5,133.5,1.2,0.2901,,0.0042,17,5900.0,0.2233,0.2669,ta2701,0.2548,morning,1,,exact,exact
2026-08-25,09:30,ma,甲醇,ma2610,2950,91.0,92.0,91.5,92.5,1.1,0.3603,,0.0033,17,2950.0,0.2699,0.302,ma2701,0.2758,morning,1,,exact,exact
2026-08-25,09:30,au,沪金,au2610,1008,32.26,32.52,29.14,29.48,1.2,0.2714,,0.00025,29,1008.0,0.168,0.189,au2612,0.0867,morning,1,,exact,exact
2026-08-25,09:30,cf,棉花,cf2701,17000,475.0,480.0,441.0,446.0,1.1,0.1245,,0.00025,108,17000.0,0.0997,0.1185,cf2611,0.1168,morning,1,,exact,exact
2026-08-25,09:30,sr,白糖,sr2701,5400,139.5,141.0,164.0,165.5,1.1,0.1298,,-5e-05,108,5400.0,0.0941,0.0838,sr2611,0.1178,morning,1,,exact,exact
2026-08-25,09:30,i,铁矿石,i2610,730,9.5,9.8,14.0,14.6,4.3,0.167,,-0.00055,22,730.0,0.1836,0.159,i2701,0.1575,morning,1,,exact,exact
2026-08-25,09:30,ru,橡胶,ru2701,18750,777.0,789.0,825.0,834.0,1.5,0.1859,,0.0002,122,18750.0,0.1472,0.1674,ru2610,0.2002,morning,1,,exact,exact
2026-08-25,14:50,m,豆粕,m2701,3250,91.5,92.5,98.0,99.5,1.5,0.1319,,-5e-05,113,3250.0,0.1102,0.1015,m2611,0.1418,afternoon,1,,exact,exact
2026-08-25,14:50,c,玉米,c2611,2280,30.5,31.0,35.5,36.5,2.8,0.091,,-0.00085,59,2280.0,0.0803,0.0714,c2701,0.0137,afternoon,1,,exact,exact
2026-08-25,14:50,rm,菜籽粕,rm2611,2250,49.5,50.0,56.0,56.5,1.0,0.1607,,0.0013,49,2250.0,0.1344,0.1394,rm2701,0.1525,afternoon,1,,exact,exact
2026-08-25,14:50,ta,PTA,ta2610,5900,143.0,145.5,149.0,151.0,1.7,0.2889,,-0.0024,17,5900.0,0.2233,0.2669,ta2701,0.2564,afternoon,1,,exact,exact
2026-08-25,14:50,ma,甲醇,ma2610,2950,75.5,76.5,98.5,99.5,1.3,0.3436,,-0.0054,17,2950.0,0.2699,0.302,ma2611,0.3055,afternoon,1,,exact,exact
2026-08-25,14:50,au,沪金,au2610,1008,29.18,29.4,30.74,31.08,1.1,0.2648,,-0.00615,29,1008.0,0.168,0.189,au2612,0.2624,afternoon,1,,exact,exact
2026-08-25,14:50,cf,棉花,cf2701,16800,478.0,487.0,400.0,406.0,1.9,0.1211,,-0.00155,108,16800.0,0.0997,0.1185,cf2611,0.1117,afternoon,1,,exact,exact
2026-08-25,14:50,sr,白糖,sr2701,5400,129.5,130.0,176.0,178.0,1.1,0.1305,,0.00035,108,5400.0,0.0941,0.0838,sr2611,0.1182,afternoon,1,,exact,exact
2026-08-25,14:50,i,铁矿石,i2610,720,12.8,13.1,11.1,11.3,2.3,0.1708,,0.00155,22,720.0,0.1836,0.159,i2701,0.1588,afternoon,1,,exact,exact
2026-08-25,14:50,ru,橡胶,ru2701,18500,803.0,818.0,716.0,726.0,1.9,0.179,,-0.00415,122,18500.0,0.1472,0.1674,ru2610,0.1872,afternoon,1,,exact,exact
2026-08-26,09:15,m,豆粕,m2701,3250,94.0,95.5,96.0,97.5,1.6,0.133,,0.0003,112,3250.0,0.1084,0.102,m2611,0.1447,morning,1,1,exact,exact
2026-08-26,09:15,c,玉米,c2611,2280,30.5,31.5,34.0,34.5,3.3,0.0897,,-0.00135,58,2280.0,0.0808,0.0716,c2701,,morning,1,0,exact,
2026-08-26,09:15,rm,菜籽粕,rm2611,2275,53.0,54.0,58.5,60.0,2.6,0.1708,,0.00655,48,2275.0,0.1317,0.1392,rm2701,0.1581,morning,1,1,exact,exact
2026-08-26,09:15,ta,PTA,ta2610,5700,119.0,119.5,152.5,153.0,0.4,0.2849,,-0.0026,16,5700.0,0.2339,0.2683,ta2701,0.2472,morning,1,1,exact,exact
2026-08-26,09:15,ma,甲醇,ma2610,2800,75.5,76.5,91.0,91.5,1.3,0.3566,,-0.00185,16,2800.0,0.2798,0.3028,ma2611,0.3076,morning,1,1,exact,exact
2026-08-26,09:15,au,沪金,au2610,1008,27.0,27.22,29.96,30.28,1.1,0.2562,,-0.0076,28,1008.0,0.1684,0.1883,au2612,0.2601,morning,1,1,exact,exact
2026-08-26,09:15,cf,棉花,cf2701,16800,466.0,476.0,389.0,395.0,2.1,0.1186,,-0.00295,107,16800.0,0.1089,0.119,cf2611,0.1112,morning,1,1,exact,exact
2026-08-26,09:15,sr,白糖,sr2701,5300,148.0,150.0,122.0,124.0,1.6,0.1185,,-0.00565,107,5300.0,0.0953,0.084,sr2611,0.1178,morning,1,1,exact,exact
2026-08-26,09:16,i,铁矿石,i2610,720,13.6,13.8,9.9,10.0,1.5,0.1712,,0.0021,21,720.0,0.1841,0.1595,i2701,0.159,morning,1,1,exact,exact
2026-08-26,09:16,ru,橡胶,ru2701,18500,671.0,681.0,788.0,796.0,1.5,0.1723,,-0.0068,121,18500.0,0.1478,0.168,ru2610,0.1825,morning,1,1,exact,exact
2026-08-26,09:30,m,豆粕,m2701,3250,100.0,102.0,92.0,94.0,2.2,0.1347,,0.0014,112,3250.0,0.1084,0.102,m2611,0.1464,morning,1,1,exact,exact
2026-08-26,09:30,c,玉米,c2611,2280,32.5,33.0,32.5,33.5,3.1,0.0904,,-0.0003,58,2280.0,0.0808,0.0716,c2701,,morning,1,0,exact,
2026-08-26,09:30,rm,菜籽粕,rm2611,2275,56.5,58.0,56.0,57.5,2.7,0.1727,,0.006,48,2275.0,0.1317,0.1392,rm2701,0.1576,morning,1,1,exact,exact
2026-08-26,09:30,ta,PTA,ta2610,5700,125.0,128.0,141.5,143.0,2.4,0.2815,,-0.0037,16,5700.0,0.2339,0.2683,ta2701,0.2486,morning,1,1,exact,exact
2026-08-26,09:30,ma,甲醇,ma2610,2800,75.5,76.5,88.0,88.5,1.3,0.3502,,0.0033,16,2800.0,0.2798,0.3028,ma2611,0.3035,morning,1,1,exact,exact
2026-08-26,09:30,au,沪金,au2610,1008,27.44,27.64,30.28,30.56,0.9,0.2595,,-0.00265,28,1008.0,0.1684,0.1883,au2612,0.2614,morning,1,1,exact,exact
2026-08-26,09:30,cf,棉花,cf2701,16800,474.0,482.0,384.0,391.0,1.8,0.1189,,-0.0011,107,16800.0,0.1089,0.119,cf2611,0.1113,morning,1,1,exact,exact
2026-08-26,09:30,sr,白糖,sr2701,5300,148.0,149.5,120.0,121.5,1.2,0.1174,,-0.00655,107,5300.0,0.0953,0.084,sr2611,0.114,morning,1,1,exact,exact
2026-08-26,09:30,i,铁矿石,i2610,720,14.1,14.5,9.3,9.6,3.2,0.1719,,0.00055,21,720.0,0.1841,0.1595,i2701,0.1572,morning,1,1,exact,exact
2026-08-26,09:30,ru,橡胶,ru2701,18500,699.0,705.0,765.0,770.0,0.9,0.1724,,-0.0033,121,18500.0,0.1478,0.168,ru2610,0.1809,morning,1,1,exact,exact
2026-08-26,14:50,m,豆粕,m2701,3300,102.5,104.0,111.0,113.0,1.8,0.1472,,0.0071,112,3300.0,0.1084,0.102,m2611,0.1597,afternoon,1,1,exact,exact
2026-08-26,14:50,c,玉米,c2611,2280,32.5,33.0,33.0,34.0,3.0,0.0911,,0.0007,58,2280.0,0.0808,0.0716,c2701,0.0885,afternoon,1,1,exact,exact
2026-08-26,14:50,rm,菜籽粕,rm2611,2300,69.0,70.0,57.5,58.5,1.7,0.1911,,0.01015,48,2300.0,0.1317,0.1392,rm2701,0.1698,afternoon,1,1,exact,exact
2026-08-26,14:50,ta,PTA,ta2610,5700,118.5,120.5,158.0,159.0,1.7,0.2912,,0.00315,16,5700.0,0.2339,0.2683,ta2701,0.2521,afternoon,1,1,exact,exact
2026-08-26,14:50,ma,甲醇,ma2610,2750,77.5,79.0,93.5,94.0,1.9,0.3734,,0.0084,16,2750.0,0.2798,0.3028,ma2611,0.3249,afternoon,1,1,exact,exact
2026-08-26,14:50,au,沪金,au2610,1000,30.38,30.5,26.48,26.58,0.4,0.2571,,0.00045,28,1000.0,0.1684,0.1883,au2612,0.0902,afternoon,1,1,exact,exact
2026-08-26,14:50,cf,棉花,cf2701,17000,400.0,406.0,481.0,488.0,1.5,0.1205,,0.00095,107,17000.0,0.1089,0.119,cf2611,0.1149,afternoon,1,1,exact,exact
2026-08-26,14:50,sr,白糖,sr2701,5300,154.0,155.0,115.5,117.0,1.3,0.1179,,-0.0003,107,5300.0,0.0953,0.084,sr2611,0.1132,afternoon,1,1,exact,exact
2026-08-26,14:50,i,铁矿石,i2610,730,11.4,11.6,11.5,11.9,3.5,0.1656,,-0.0028,21,730.0,0.1841,0.1595,i2701,0.1578,afternoon,1,1,exact,exact
2026-08-26,14:51,ru,橡胶,ru2701,18500,773.0,783.0,730.0,736.0,1.3,0.1773,,0.0025,121,18500.0,0.1478,0.168,ru2610,,afternoon,1,0,exact,
2026-08-27,09:15,m,豆粕,m2701,3350,105.0,107.0,118.5,120.5,1.9,0.1526,,0.00895,111,3350.0,0.1158,0.1047,m2611,0.1669,morning,1,1,exact,exact
2026-08-27,09:15,c,玉米,c2611,2280,37.0,37.5,29.0,29.5,1.7,0.0923,,0.00095,57,2280.0,0.0814,0.0717,c2701,,morning,1,0,exact,
2026-08-27,09:15,rm,菜籽粕,rm2611,2350,62.0,63.0,70.0,71.0,1.6,0.1971,,0.0122,47,2350.0,0.1569,0.1475,rm2701,0.1772,morning,1,1,exact,exact
2026-08-27,09:15,ta,PTA,ta2610,5700,137.0,139.5,120.0,121.0,1.8,0.2799,,-0.0008,15,5700.0,0.2439,0.2709,ta2701,0.2496,morning,1,1,exact,exact
2026-08-27,09:15,ma,甲醇,ma2610,2800,87.0,88.5,72.5,73.5,1.7,0.354,,0.0019,15,2800.0,0.2917,0.3057,ma2611,0.3085,morning,1,1,exact,exact
2026-08-27,09:15,au,沪金,au2610,1000,27.94,28.02,26.08,26.16,0.3,0.2486,,-0.00545,27,1000.0,0.1702,0.1878,au2612,0.0877,morning,1,1,exact,exact
2026-08-27,09:15,cf,棉花,cf2701,17000,486.0,491.0,422.0,431.0,2.1,0.1248,,0.00295,106,17000.0,0.1095,0.1189,cf2611,0.1203,morning,1,1,exact,exact
2026-08-27,09:15,sr,白糖,sr2701,5400,134.5,135.0,158.5,160.0,0.9,0.1263,,0.00445,106,5400.0,0.0936,0.0844,sr2611,0.1157,morning,1,1,exact,exact
2026-08-27,09:16,i,铁矿石,i2610,730,10.8,11.0,13.1,13.4,2.3,0.1767,,0.0024,20,730.0,0.1863,0.1607,i2701,0.1587,morning,1,1,exact,exact
2026-08-27,09:16,ru,橡胶,ru2701,18750,754.0,759.0,828.0,837.0,1.1,0.1848,,0.0062,120,18750.0,0.1439,0.1681,ru2610,,morning,1,0,exact,
2026-08-27,09:30,m,豆粕,m2701,3350,100.5,102.0,122.0,124.5,2.0,0.1519,,0.00235,111,3350.0,0.1158,0.1047,m2611,0.1666,morning,1,1,exact,exact
2026-08-27,09:30,c,玉米,c2611,2280,36.0,36.5,29.0,30.5,5.2,0.0916,,0.00025,57,2280.0,0.0814,0.0717,c2701,0.0172,morning,1,1,exact,exact
2026-08-27,09:30,rm,菜籽粕,rm2611,2350,61.0,62.0,71.5,73.0,2.1,0.1983,,0.0036,47,2350.0,0.1569,0.1475,rm2701,0.1747,morning,1,1,exact,exact
2026-08-27,09:30,ta,PTA,ta2610,5700,131.0,133.5,127.0,127.5,1.9,0.2807,,-0.00525,15,5700.0,0.2439,0.2709,ta2701,0.2477,morning,1,1,exact,exact
2026-08-27,09:30,ma,甲醇,ma2610,2800,90.5,91.5,70.5,71.0,1.1,0.3562,,-0.0086,15,2800.0,0.2917,0.3057,ma2611,0.3085,morning,1,1,exact,exact
2026-08-27,09:30,au,沪金,au2610,1000,27.2,27.28,26.56,26.7,0.5,0.2476,,-0.00475,27,1000.0,0.1702,0.1878,au2612,0.0865,morning,1,1,exact,exact
2026-08-27,09:30,cf,棉花,cf2701,17000,498.0,503.0,415.0,420.0,1.2,0.1253,,0.0024,106,17000.0,0.1095,0.1189,cf2611,0.1253,morning,1,1,exact,exact
2026-08-27,09:30,sr,白糖,sr2701,5400,137.5,138.0,154.0,155.0,0.6,0.1255,,0.0038,106,5400.0,0.0936,0.0844,sr2611,0.1156,morning,1,1,exact,exact
2026-08-27,09:30,i,铁矿石,i2610,730,10.6,10.8,13.4,13.8,3.0,0.1778,,0.0061,20,730.0,0.1863,0.1607,i2701,0.1621,morning,1,1,exact,exact
2026-08-27,09:30,ru,橡胶,ru2701,18750,774.0,780.0,815.0,823.0,1.0,0.1856,,0.00415,120,18750.0,0.1439,0.1681,ru2610,,morning,1,0,exact,
2026-08-27,14:50,m,豆粕,m2701,3350,113.0,115.0,111.5,114.0,2.2,0.1534,,0.0004,111,3350.0,0.1158,0.1047,m2611,0.1716,afternoon,1,1,exact,exact
2026-08-27,14:50,c,玉米,c2611,2280,35.0,35.5,30.0,31.0,3.3,0.0912,,-0.00055,57,2280.0,0.0814,0.0717,c2701,,afternoon,1,0,exact,
2026-08-27,14:50,rm,菜籽粕,rm2611,2350,66.5,67.5,68.0,69.0,1.5,0.2009,,0.0019,47,2350.0,0.1569,0.1475,rm2701,0.1809,afternoon,1,1,exact,exact
2026-08-27,14:50,ta,PTA,ta2610,5700,114.0,115.5,149.5,151.0,1.3,0.2867,,0.0034,15,5700.0,0.2439,0.2709,ta2701,0.2474,afternoon,1,1,exact,exact
2026-08-27,14:50,ma,甲醇,ma2610,2750,87.5,89.5,72.5,73.5,2.3,0.3621,,0.00405,15,2750.0,0.2917,0.3057,ma2611,0.3132,afternoon,1,1,exact,exact
2026-08-27,14:50,au,沪金,au2610,1000,25.36,25.4,28.16,28.28,0.4,0.2463,,-0.00115,27,1000.0,0.1702,0.1878,au2612,0.0892,afternoon,1,1,exact,exact
2026-08-27,14:50,cf,棉花,cf2701,17000,458.0,464.0,438.0,445.0,1.6,0.1231,,-0.00085,106,17000.0,0.1095,0.1189,cf2611,0.1195,afternoon,1,1,exact,exact
2026-08-27,14:51,sr,白糖,sr2701,5400,126.0,127.5,163.5,165.0,1.2,0.125,,-0.00065,106,5400.0,0.0936,0.0844,sr2611,0.1119,afternoon,1,1,exact,exact
2026-08-27,14:51,i,铁矿石,i2610,730,10.2,10.4,13.1,13.4,2.3,0.1723,,-0.0022,20,730.0,0.1863,0.1607,i2701,0.161,afternoon,1,1,exact,exact
2026-08-27,14:51,ru,橡胶,ru2701,18750,790.0,798.0,794.0,801.0,1.0,0.185,,0.0001,120,18750.0,0.1439,0.1681,ru2610,,afternoon,1,0,exact,
2026-08-28,09:15,m,豆粕,m2701,3350,117.0,118.0,106.0,108.0,1.9,0.1526,,0.00035,110,3350.0,0.1203,0.1067,m2611,0.1712,morning,1,1,exact,exact
2026-08-28,09:15,c,玉米,c2611,2280,34.5,35.5,30.5,31.0,2.9,0.092,,0.0002,56,2280.0,0.0818,0.0713,c2701,,morning,1,0,exact,
2026-08-28,09:15,rm,菜籽粕,rm2611,2350,65.5,66.5,66.0,67.5,2.3,0.1989,,0.0003,46,2350.0,0.1555,0.1486,rm2701,0.1759,morning,1,1,exact,exact
2026-08-28,09:15,ta,PTA,ta2610,5700,146.0,146.5,96.5,98.0,1.6,0.2727,,-0.004,14,5700.0,0.2397,0.2704,ta2701,0.2449,morning,1,1,exact,exact
2026-08-28,09:15,ma,甲醇,ma2610,2800,91.0,92.5,66.5,67.5,1.6,0.3619,,0.00285,14,2800.0,0.2955,0.3075,ma2611,0.3079,morning,1,1,exact,exact
2026-08-28,09:15,au,沪金,au2610,992,27.72,27.98,23.96,24.14,0.9,0.245,,-0.0013,26,992.0,0.1656,0.1878,,,morning,1,,exact,
2026-08-28,09:15,cf,棉花,cf2701,17200,514.0,522.0,450.0,455.0,1.6,0.1315,,0.0031,105,17200.0,0.1101,0.1195,cf2611,0.1365,morning,1,1,exact,exact
2026-08-28,09:16,sr,白糖,sr2701,5400,148.0,149.5,136.5,138.5,1.5,0.1235,,-0.001,105,5400.0,0.0929,0.0847,sr2611,0.1157,morning,1,1,exact,exact
2026-08-28,09:16,i,铁矿石,i2610,730,13.2,13.4,10.0,10.1,1.5,0.1752,,-0.0013,19,730.0,0.1734,0.1608,i2701,0.1599,morning,1,1,exact,exact
2026-08-28,09:16,ru,橡胶,ru2701,18750,844.0,852.0,756.0,764.0,1.1,0.1877,,0.00105,119,18750.0,0.1476,0.1683,ru2610,0.1935,morning,1,1,exact,exact
2026-08-28,09:30,m,豆粕,m2701,3350,114.5,115.5,107.5,108.0,0.9,0.1514,,-0.001,110,3350.0,0.1203,0.1067,m2611,0.1688,morning,1,1,exact,exact
2026-08-28,09:30,c,玉米,c2611,2280,34.5,35.5,30.0,31.0,3.3,0.0917,,0.00025,56,2280.0,0.0818,0.0713,c2701,,morning,1,0,exact,
2026-08-28,09:30,rm,菜籽粕,rm2611,2350,66.0,67.0,66.0,67.0,1.5,0.1993,,-0.0008,46,2350.0,0.1555,0.1486,rm2701,0.1781,morning,1,1,exact,exact
2026-08-28,09:30,ta,PTA,ta2610,5700,135.5,137.5,104.0,106.0,1.9,0.2704,,-0.00815,14,5700.0,0.2397,0.2704,ta2701,0.2449,morning,1,1,exact,exact
2026-08-28,09:30,ma,甲醇,ma2610,2800,87.5,88.5,69.0,70.0,1.4,0.359,,-0.00155,14,2800.0,0.2955,0.3075,ma2611,0.3092,morning,1,1,exact,exact
2026-08-28,09:30,au,沪金,au2610,992,26.9,27.14,24.62,24.78,0.9,0.2442,,-0.00105,26,992.0,0.1656,0.1878,au2612,0.0897,morning,1,1,exact,exact
2026-08-28,09:30,cf,棉花,cf2701,17200,491.0,500.0,456.0,464.0,1.8,0.1295,,0.0032,105,17200.0,0.1101,0.1195,cf2611,0.1362,morning,1,1,exact,exact
2026-08-28,09:30,sr,白糖,sr2701,5400,151.0,153.0,137.0,138.5,1.3,0.1251,,5e-05,105,5400.0,0.0929,0.0847,sr2611,0.1137,morning,1,1,exact,exact
2026-08-28,09:30,i,铁矿石,i2610,730,13.7,13.9,9.7,9.9,2.1,0.1771,,0.0024,19,730.0,0.1734,0.1608,i2701,0.1593,morning,1,1,exact,exact
2026-08-28,09:30,ru,橡胶,ru2701,18750,774.0,780.0,803.0,811.0,1.0,0.1849,,-5e-05,119,18750.0,0.1476,0.1683,ru2610,,morning,1,0,exact,
2026-08-28,14:50,m,豆粕,m2701,3350,105.0,106.5,116.0,117.5,1.4,0.1512,,-0.0007,110,3350.0,0.1203,0.1067,m2611,,afternoon,1,0,exact,
2026-08-28,14:50,c,玉米,c2611,2280,32.0,32.5,32.0,32.5,1.6,0.0903,,-0.00085,56,2280.0,0.0818,0.0713,c2701,0.0889,afternoon,1,1,exact,exact
2026-08-28,14:50,rm,菜籽粕,rm2611,2325,68.5,70.0,59.0,60.0,2.2,0.195,,-0.00195,46,2325.0,0.1555,0.1486,rm2701,0.1762,afternoon,1,1,exact,exact
2026-08-28,14:50,ta,PTA,ta2610,5800,105.0,106.5,135.0,137.0,1.5,0.266,,-0.00335,14,5800.0,0.2397,0.2704,ta2701,0.2444,afternoon,1,1,exact,exact
2026-08-28,14:50,ma,甲醇,ma2610,2850,67.0,67.5,88.0,89.0,1.1,0.3488,,-0.00655,14,2850.0,0.2955,0.3075,ma2611,0.3108,afternoon,1,1,exact,exact
2026-08-28,14:50,au,沪金,au2610,1000,25.16,25.28,28.44,28.46,0.5,0.2514,,0.0032,26,1000.0,0.1656,0.1878,au2612,0.0893,afternoon,1,1,exact,exact
2026-08-28,14:51,cf,棉花,cf2701,17200,471.0,479.0,490.0,498.0,1.7,0.1313,,-0.0001,105,17200.0,0.1101,0.1195,cf2611,0.1361,afternoon,1,1,exact,exact
2026-08-28,14:51,sr,白糖,sr2701,5400,151.0,152.5,139.5,141.0,1.1,0.126,,0.00125,105,5400.0,0.0929,0.0847,sr2611,0.1256,afternoon,1,1,exact,exact
2026-08-28,14:51,i,铁矿石,i2610,730,13.7,13.9,9.2,9.4,2.2,0.1734,,-0.0009,19,730.0,0.1734,0.1608,i2701,0.1597,afternoon,1,1,exact,exact
2026-08-28,14:51,ru,橡胶,ru2701,19000,790.0,798.0,864.0,876.0,1.4,0.1917,,0.002,119,19000.0,0.1476,0.1683,ru2610,0.057,afternoon,1,1,exact,exact
2026-08-31,09:19,m,豆粕,m2701,3350,109.5,112.0,112.5,113.5,2.3,0.1542,,0.0014,107,3350.0,0.124,0.1075,m2611,0.1701,morning,1,1,exact,exact
2026-08-31,09:19,c,玉米,c2611,2300,29.5,30.5,37.0,38.0,3.4,0.0963,,0.0023,53,2300.0,0.081,0.0707,c2701,,morning,1,0,exact,
2026-08-31,09:19,rm,菜籽粕,rm2611,2325,64.5,66.0,59.0,60.0,2.3,0.1954,,-0.00195,43,2325.0,0.1573,0.1486,rm2701,0.1731,morning,1,1,exact,exact
2026-08-31,09:19,ta,PTA,ta2610,5800,132.0,134.0,90.0,91.0,1.5,0.2775,,0.00355,11,5800.0,0.2415,0.2693,ta2701,0.2412,morning,1,1,exact,exact
2026-08-31,09:24,ma,甲醇,ma2610,2950,71.5,72.5,82.0,83.0,1.4,0.3771,,0.00905,11,2950.0,0.2973,0.3075,ma2611,0.3182,morning,1,1,exact,exact
2026-08-31,09:24,au,沪金,au2610,968,21.14,21.42,23.78,23.96,1.3,0.2323,,-0.00595,23,968.0,0.1653,0.1878,au2612,0.2534,morning,1,1,exact,exact
2026-08-31,09:24,cf,棉花,cf2701,17000,432.0,436.0,482.0,489.0,1.5,0.1279,,-0.0008,102,17000.0,0.1137,0.1186,cf2611,0.1266,morning,1,1,exact,exact
2026-08-31,09:24,sr,白糖,sr2701,5400,134.0,135.0,157.5,159.5,1.3,0.1283,,0.0016,102,5400.0,0.0951,0.0842,sr2611,0.1141,morning,1,1,exact,exact
2026-08-31,09:24,i,铁矿石,i2610,740,9.3,9.6,11.8,12.1,3.2,0.1727,,-0.0022,16,740.0,0.1721,0.16,i2701,0.1608,morning,1,1,exact,exact
2026-08-31,09:24,ru,橡胶,ru2701,18750,765.0,776.0,791.0,799.0,1.4,0.1851,,0.0001,116,18750.0,0.1503,0.1674,ru2610,0.0559,morning,1,1,exact,exact
2026-08-31,09:30,m,豆粕,m2701,3350,110.0,111.5,112.0,113.5,1.4,0.154,,0.0014,107,3350.0,0.124,0.1075,m2611,0.1714,morning,1,1,exact,exact
2026-08-31,09:30,c,玉米,c2611,2300,29.5,30.0,37.0,38.0,2.7,0.0959,,0.0028,53,2300.0,0.081,0.0707,c2701,,morning,1,0,exact,
2026-08-31,09:30,rm,菜籽粕,rm2611,2325,61.5,63.0,63.0,64.0,2.4,0.197,,0.001,43,2325.0,0.1573,0.1486,rm2701,0.174,morning,1,1,exact,exact
2026-08-31,09:30,ta,PTA,ta2610,5900,97.0,98.0,131.0,133.5,1.9,0.2804,,0.0072,11,5900.0,0.2415,0.2693,ta2701,0.2444,morning,1,1,exact,exact
2026-08-31,09:30,ma,甲醇,ma2610,2950,85.5,86.0,74.0,75.5,2.0,0.3918,,0.0215,11,2950.0,0.2973,0.3075,ma2611,0.3222,morning,1,1,exact,exact
2026-08-31,09:30,au,沪金,au2610,968,21.08,21.32,24.2,24.44,1.1,0.2342,,-0.0086,23,968.0,0.1653,0.1878,au2612,0.2511,morning,1,1,exact,exact
2026-08-31,09:30,cf,棉花,cf2701,17000,419.0,427.0,483.0,488.0,1.9,0.1264,,-0.00245,102,17000.0,0.1137,0.1186,cf2611,0.1183,morning,1,1,exact,exact
2026-08-31,09:30,sr,白糖,sr2701,5400,135.0,136.5,157.0,159.0,1.3,0.1286,,0.0013,102,5400.0,0.0951,0.0842,sr2611,0.1138,morning,1,1,exact,exact
2026-08-31,09:30,i,铁矿石,i2610,740,9.8,9.9,11.7,11.9,1.7,0.1747,,0.00065,16,740.0,0.1721,0.16,i2701,0.1612,morning,1,1,exact,exact
2026-08-31,09:30,ru,橡胶,ru2701,18750,796.0,804.0,766.0,773.0,1.0,0.1856,,-0.00305,116,18750.0,0.1503,0.1674,ru2610,0.0572,morning,1,1,exact,exact
2026-08-31,14:50,m,豆粕,m2701,3350,105.5,106.5,106.0,107.5,1.4,0.1466,,-0.0038,107,3350.0,0.124,0.1075,m2611,0.1708,afternoon,1,1,exact,exact
2026-08-31,14:50,c,玉米,c2611,2300,35.0,36.0,38.0,38.5,2.9,0.1052,,0.00445,53,2300.0,0.081,0.0707,c2701,0.096,afternoon,1,1,exact,exact
2026-08-31,14:50,rm,菜籽粕,rm2701,2350,89.5,91.5,83.5,85.5,2.4,0.1761,,-0.00965,102,2350.0,0.1265,0.1258,rm2703,0.1586,afternoon,1,1,exact,legacy
2026-08-31,14:50,ta,PTA,ta2610,6000,130.0,131.0,126.5,129.5,2.4,0.3102,,0.01635,11,6000.0,0.2415,0.2693,ta2701,0.2618,afternoon,1,1,exact,exact
2026-08-31,14:50,ma,甲醇,ma2610,3000,94.5,95.0,79.0,82.0,3.8,0.4206,,0.02175,11,3000.0,0.2973,0.3075,ma2611,0.3432,afternoon,1,1,exact,exact
2026-08-31,14:50,au,沪金,au2610,960,24.36,24.48,21.56,21.76,0.9,0.239,,0.00335,23,960.0,0.1653,0.1878,au2612,0.2524,afternoon,1,1,exact,exact
2026-08-31,14:50,cf,棉花,cf2701,17200,432.0,436.0,513.0,520.0,1.4,0.1307,,0.0014,102,17200.0,0.1137,0.1186,cf2611,0.1308,afternoon,1,1,exact,exact
2026-08-31,14:50,sr,白糖,sr2701,5400,149.0,150.0,149.5,151.5,1.3,0.1314,,0.00155,102,5400.0,0.0951,0.0842,sr2611,0.1141,afternoon,1,1,exact,exact
2026-08-31,14:51,i,铁矿石,i2610,740,11.0,11.3,10.0,10.3,3.0,0.1718,,-0.00045,16,740.0,0.1721,0.16,i2701,0.1621,afternoon,1,1,exact,exact
2026-08-31,14:51,ru,橡胶,ru2701,19000,827.0,832.0,834.0,845.0,1.3,0.1948,,0.00485,116,19000.0,0.1503,0.1674,ru2610,0.2105,afternoon,1,1,exact,exact
2026-09-01,09:15,m,豆粕,m2701,3350,104.0,105.5,99.0,100.5,1.5,0.1416,,-0.0062,106,3350.0,0.1237,0.1078,m2611,0.171,morning,1,1,exact,exact
2026-09-01,09:15,c,玉米,c2611,2280,40.5,42.0,33.0,33.5,3.7,0.1082,,0.00615,52,2280.0,0.0836,0.0716,c2701,,morning,1,1,exact,
2026-09-01,09:15,rm,菜籽粕,rm2611,2325,61.5,63.0,58.0,59.0,2.4,0.1914,,-0.0028,42,2325.0,0.1607,0.1497,rm2701,0.1704,morning,1,1,exact,exact
2026-09-01,09:15,ta,PTA,ta2610,6100,125.5,127.0,125.5,128.5,2.4,0.3135,,0.01655,10,6100.0,0.2471,0.2725,ta2701,0.2644,morning,1,1,exact,exact
2026-09-01,09:15,ma,甲醇,ma2610,3050,76.5,77.5,98.5,100.0,1.5,0.4364,,0.0223,10,3050.0,0.2948,0.3135,ma2611,0.3488,morning,1,1,exact,exact
2026-09-01,09:15,au,沪金,au2610,960,23.04,23.18,19.96,20.06,0.6,0.2287,,-0.00275,22,960.0,0.1961,0.1966,au2612,0.2455,morning,1,1,exact,exact
2026-09-01,09:15,cf,棉花,cf2701,17200,476.0,484.0,466.0,473.0,1.7,0.1312,,0.0024,101,17200.0,0.1189,0.1187,cf2611,0.1361,morning,1,1,exact,exact
2026-09-01,09:15,sr,白糖,sr2701,5400,138.0,139.0,148.5,150.0,1.0,0.1266,,-0.001,101,5400.0,0.0965,0.0835,sr2611,0.1112,morning,1,1,exact,exact
2026-09-01,09:15,i,铁矿石,i2610,740,7.9,8.1,12.7,13.1,3.1,0.1742,,-0.00025,15,740.0,0.159,0.1599,i2701,0.162,morning,1,1,exact,exact
2026-09-01,09:16,ru,橡胶,ru2701,19000,879.0,882.0,810.0,818.0,1.0,0.1986,,0.0065,115,19000.0,0.15,0.1678,ru2610,0.2278,morning,1,1,exact,exact
2026-09-01,09:30,m,豆粕,m2701,3350,103.0,104.0,101.0,102.5,1.5,0.1421,,-0.00225,106,3350.0,0.1237,0.1078,m2611,0.1693,morning,1,1,exact,exact
2026-09-01,09:30,c,玉米,c2611,2280,40.0,41.0,33.0,34.0,3.0,0.1075,,0.00115,52,2280.0,0.0836,0.0716,c2701,,morning,1,1,exact,
2026-09-01,09:30,rm,菜籽粕,rm2611,2325,58.0,59.5,60.5,62.0,2.6,0.1902,,0.00705,42,2325.0,0.1607,0.1497,rm2701,0.1726,morning,1,1,exact,exact
2026-09-01,09:30,ta,PTA,ta2610,6100,126.5,128.0,121.0,123.0,1.7,0.3086,,-0.0008,10,6100.0,0.2471,0.2725,ta2701,0.2613,morning,1,1,exact,exact
2026-09-01,09:30,ma,甲醇,ma2610,3050,85.0,86.5,90.5,92.0,1.8,0.4383,,0.00885,10,3050.0,0.2948,0.3135,ma2611,0.347,morning,1,1,exact,exact
2026-09-01,09:30,au,沪金,au2610,960,22.62,22.8,20.42,20.56,0.8,0.2291,,-0.00495,22,960.0,0.1961,0.1966,au2612,0.2456,morning,1,1,exact,exact
2026-09-01,09:30,cf,棉花,cf2701,17200,476.0,483.0,464.0,470.0,1.5,0.1308,,5e-05,101,17200.0,0.1189,0.1187,cf2611,0.1367,morning,1,1,exact,exact
2026-09-01,09:30,sr,白糖,sr2701,5400,141.0,142.5,148.0,149.5,1.1,0.1278,,-0.0018,101,5400.0,0.0965,0.0835,sr2611,0.1128,morning,1,1,exact,exact
2026-09-01,09:30,i,铁矿石,i2610,740,8.3,8.6,11.9,12.4,4.2,0.1717,,-5e-05,15,740.0,0.159,0.1599,i2701,0.1619,morning,1,1,exact,exact
2026-09-01,09:30,ru,橡胶,ru2701,19000,851.0,856.0,822.0,829.0,0.9,0.1968,,0.001,115,19000.0,0.15,0.1678,ru2610,0.2266,morning,1,1,exact,exact
2026-09-01,14:50,m,豆粕,m2701,3350,117.0,119.5,94.5,95.0,2.1,0.1475,,0.00295,106,3350.0,0.1237,0.1078,m2611,0.176,afternoon,1,1,exact,exact
2026-09-01,14:50,c,玉米,c2611,2300,33.5,34.0,41.0,42.0,2.4,0.1084,,0.0001,52,2300.0,0.0836,0.0716,c2701,,afternoon,1,1,exact,
2026-09-01,14:50,rm,菜籽粕,rm2611,2350,61.5,62.5,67.5,69.0,2.2,0.2042,,0.0064,42,2350.0,0.1607,0.1497,rm2701,0.1843,afternoon,1,1,exact,exact
2026-09-01,14:50,ta,PTA,ta2610,6100,117.5,119.0,121.5,123.0,1.3,0.2977,,-0.0079,10,6100.0,0.2471,0.2725,ta2701,0.2648,afternoon,1,1,exact,exact
2026-09-01,14:50,ma,甲醇,ma2610,3050,96.5,98.0,75.5,77.0,2.0,0.4296,,-0.0034,10,3050.0,0.2948,0.3135,ma2611,0.3477,afternoon,1,1,exact,exact
2026-09-01,14:50,au,沪金,au2610,960,21.48,21.64,20.9,21.02,0.7,0.2255,,-0.0016,22,960.0,0.1961,0.1966,au2612,0.2411,afternoon,1,1,exact,exact
2026-09-01,14:51,cf,棉花,cf2701,17200,427.0,433.0,514.0,520.0,1.4,0.1308,,-0.0002,101,17200.0,0.1189,0.1187,cf2611,0.1385,afternoon,1,1,exact,exact
2026-09-01,14:51,sr,白糖,sr2701,5400,152.5,153.5,142.0,143.5,1.1,0.1301,,0.00175,101,5400.0,0.0965,0.0835,sr2611,0.1125,afternoon,1,1,exact,exact
2026-09-02,09:15,m,豆粕,m2701,3400,99.5,100.5,119.0,120.5,1.3,0.1506,,0.00425,105,3400.0,0.1338,0.1116,m2611,0.1774,morning,1,1,exact,exact
2026-09-02,09:15,c,玉米,c2611,2300,37.5,38.0,37.5,38.5,2.7,0.1101,,0.0013,51,2300.0,0.0842,0.0712,c2701,0.0929,morning,1,1,exact,exact
2026-09-02,09:15,rm,菜籽粕,rm2611,2350,59.5,61.0,64.0,65.0,2.5,0.198,,0.0039,41,2350.0,0.1734,0.1539,rm2701,0.182,morning,1,1,exact,exact
2026-09-02,09:15,ta,PTA,ta2610,6400,156.0,159.5,202.5,206.0,2.2,0.4503,,0.07085,9,6400.0,0.2498,0.2711,ta2701,0.295,morning,1,1,exact,exact
2026-09-02,09:15,ma,甲醇,ma2610,3250,110.5,112.0,117.5,119.0,1.4,0.5621,,0.0619,9,3250.0,0.3046,0.3112,ma2611,0.4037,morning,1,1,exact,exact
2026-09-02,09:15,au,沪金,au2610,936,21.58,21.8,20.58,20.72,1.0,0.2357,,0.0033,21,936.0,0.1956,0.1926,au2612,0.2468,morning,1,1,exact,exact
2026-09-02,09:15,cf,棉花,cf2701,17000,506.0,514.0,420.0,426.0,1.6,0.1311,,0.00015,100,17000.0,0.1169,0.118,cf2611,0.1326,morning,1,1,exact,exact
2026-09-02,09:15,sr,白糖,sr2701,5400,155.0,157.5,132.0,133.5,1.6,0.1278,,-0.0,100,5400.0,0.0968,0.0842,sr2611,0.1241,morning,1,1,exact,exact
2026-09-02,09:15,i,铁矿石,i2610,740,9.2,9.5,10.4,10.9,4.8,0.1725,,-0.00085,14,740.0,0.1583,0.1599,i2701,0.1649,morning,1,1,exact,exact
2026-09-02,09:15,ru,橡胶,ru2701,18750,853.0,862.0,810.0,814.0,1.1,0.1992,,0.0003,114,18750.0,0.1415,0.1671,ru2610,0.0452,morning,1,1,exact,exact
2026-09-02,09:30,m,豆粕,m2701,3350,113.5,116.0,92.0,93.5,2.2,0.1444,,-0.00155,105,3350.0,0.1338,0.1116,m2611,0.1754,morning,1,1,exact,exact
2026-09-02,09:30,c,玉米,c2611,2300,35.5,36.5,38.5,39.5,2.8,0.109,,0.0003,51,2300.0,0.0842,0.0712,c2701,,morning,1,0,exact,
2026-09-02,09:30,rm,菜籽粕,rm2611,2350,57.5,58.5,67.0,68.0,1.7,0.1992,,-0.0025,41,2350.0,0.1734,0.1539,rm2701,0.1807,morning,1,1,exact,exact
2026-09-02,09:30,ta,PTA,ta2610,6300,145.0,146.0,166.0,169.0,1.8,0.3955,,0.0489,9,6300.0,0.2498,0.2711,ta2701,0.2881,morning,1,1,exact,exact
2026-09-02,09:30,ma,甲醇,ma2610,3200,106.0,106.5,110.5,111.5,0.9,0.5404,,0.0554,9,3200.0,0.3046,0.3112,ma2611,0.3907,morning,1,1,exact,exact
2026-09-02,09:30,au,沪金,au2610,936,21.48,21.58,20.6,20.68,0.5,0.2348,,0.00465,21,936.0,0.1956,0.1926,au2612,0.2479,morning,1,1,exact,exact
2026-09-02,09:30,cf,棉花,cf2701,17000,453.0,462.0,452.0,460.0,2.0,0.1283,,-0.00125,100,17000.0,0.1169,0.118,cf2611,0.1313,morning,1,1,exact,exact
2026-09-02,09:30,sr,白糖,sr2701,5400,151.0,152.5,135.0,137.0,1.5,0.1273,,-0.0014,100,5400.0,0.0968,0.0842,sr2611,0.123,morning,1,1,exact,exact
2026-09-02,09:30,i,铁矿石,i2610,740,8.4,8.5,11.2,11.5,2.7,0.1708,,-0.00045,14,740.0,0.1583,0.1599,i2701,0.1633,morning,1,1,exact,exact
2026-09-02,09:30,ru,橡胶,ru2701,18750,776.0,788.0,854.0,864.0,1.5,0.1958,,-0.0005,114,18750.0,0.1415,0.1671,ru2610,0.0415,morning,1,1,exact,exact
2026-09-02,14:50,m,豆粕,m2701,3350,106.5,108.0,96.0,97.5,1.6,0.1419,,-0.00435,105,3350.0,0.1338,0.1116,m2611,0.1719,afternoon,1,1,exact,exact
2026-09-02,14:50,c,玉米,c2611,2280,40.5,41.0,31.5,32.0,1.6,0.1063,,-0.0019,51,2280.0,0.0842,0.0712,c2701,0.0161,afternoon,1,1,exact,exact
2026-09-02,14:50,rm,菜籽粕,rm2611,2325,57.5,58.0,62.5,63.5,1.6,0.1937,,-0.00215,41,2325.0,0.1734,0.1539,rm2701,0.1811,afternoon,1,1,exact,exact
2026-09-02,14:50,ta,PTA,ta2610,6200,153.5,155.0,134.5,136.5,1.5,0.372,,-0.03915,9,6200.0,0.2498,0.2711,ta2701,0.2857,afternoon,1,1,exact,exact
2026-09-02,14:50,ma,甲醇,ma2610,3200,100.0,100.5,107.0,108.0,0.9,0.5168,,-0.02265,9,3200.0,0.3046,0.3112,ma2611,0.3943,afternoon,1,1,exact,exact
2026-09-02,14:50,au,沪金,au2610,936,22.3,22.5,21.0,21.1,0.9,0.2419,,0.0031,21,936.0,0.1956,0.1926,au2612,0.2499,afternoon,1,1,exact,exact
2026-09-02,14:50,cf,棉花,cf2701,16800,461.0,470.0,388.0,392.0,2.0,0.1216,,-0.00475,100,16800.0,0.1169,0.118,cf2611,0.1241,afternoon,1,1,exact,exact
2026-09-02,14:51,sr,白糖,sr2701,5400,134.0,135.5,150.5,151.5,1.1,0.1264,,-0.0007,100,5400.0,0.0968,0.0842,sr2611,0.1059,afternoon,1,1,exact,exact
2026-09-02,14:51,i,铁矿石,i2610,730,9.9,10.2,9.5,9.8,3.2,0.1722,,-0.00015,14,730.0,0.1583,0.1599,i2701,0.1633,afternoon,1,1,exact,exact
2026-09-02,14:51,ru,橡胶,ru2701,18750,779.0,790.0,840.0,849.0,1.4,0.1943,,-0.00245,114,18750.0,0.1415,0.1671,ru2610,0.0355,afternoon,1,1,exact,exact
2026-09-03,09:15,m,豆粕,m2701,3400,96.0,97.0,116.0,118.5,2.2,0.1472,,0.0014,104,3400.0,0.1398,0.1138,m2611,0.1697,morning,1,1,exact,exact
2026-09-03,09:15,c,玉米,c2611,2300,32.0,32.5,38.5,41.0,6.5,0.1057,,-0.00165,50,2300.0,0.0838,0.0715,c2701,0.0906,morning,1,1,exact,exact
2026-09-03,09:15,rm,菜籽粕,rm2611,2350,58.5,59.5,58.5,59.5,1.7,0.1896,,-0.0048,40,2350.0,0.1804,0.1566,rm2701,0.1796,morning,1,1,exact,exact
2026-09-03,09:15,ta,PTA,ta2610,6200,137.0,139.0,122.0,124.0,1.6,0.3554,,-0.02005,8,6200.0,0.2589,0.2737,ta2701,0.2815,morning,1,1,exact,exact
2026-09-03,09:15,ma,甲醇,ma2610,3200,100.5,101.5,94.5,95.0,1.0,0.5165,,-0.01195,8,3200.0,0.3156,0.3148,ma2611,0.3922,morning,1,1,exact,exact
2026-09-03,09:15,au,沪金,au2610,952,23.06,23.2,19.84,19.94,0.6,0.2413,,0.00325,20,952.0,0.1918,0.1939,au2612,0.2514,morning,1,1,exact,exact
2026-09-03,09:15,cf,棉花,cf2701,16800,452.0,458.0,379.0,386.0,1.8,0.1197,,-0.0043,99,16800.0,0.1215,0.1203,cf2611,0.1205,morning,1,1,exact,exact
2026-09-03,09:15,sr,白糖,sr2701,5400,156.5,157.0,124.0,126.0,1.6,0.1252,,-0.00105,99,5400.0,0.0985,0.0849,sr2611,0.1188,morning,1,1,exact,exact
2026-09-03,09:15,i,铁矿石,i2610,730,10.5,10.8,8.2,8.4,2.9,0.1719,,0.00055,13,730.0,0.159,0.1614,i2701,0.1621,morning,1,1,exact,exact
2026-09-03,09:15,ru,橡胶,ru2701,18750,834.0,845.0,801.0,809.0,1.3,0.197,,0.0006,113,18750.0,0.1455,0.1681,ru2610,0.2081,morning,1,1,exact,exact
2026-09-03,09:30,m,豆粕,m2701,3400,98.5,100.0,112.0,114.5,2.2,0.1464,,0.00225,104,3400.0,0.1398,0.1138,m2611,,morning,1,0,exact,
2026-09-03,09:30,c,玉米,c2611,2300,34.0,34.5,37.5,38.0,1.5,0.1057,,-0.0003,50,2300.0,0.0838,0.0715,c2701,0.0881,morning,1,1,exact,exact
2026-09-03,09:30,rm,菜籽粕,rm2611,2350,65.0,65.5,54.5,55.5,1.8,0.1932,,-0.00025,40,2350.0,0.1804,0.1566,rm2701,0.1808,morning,1,1,exact,exact
2026-09-03,09:30,ta,PTA,ta2610,6200,159.0,161.5,109.5,111.5,1.8,0.3687,,-0.00165,8,6200.0,0.2589,0.2737,ta2701,0.2821,morning,1,1,exact,exact
2026-09-03,09:30,ma,甲醇,ma2610,3200,107.5,109.0,88.0,88.5,1.4,0.5185,,0.00085,8,3200.0,0.3156,0.3148,ma2611,0.3974,morning,1,1,exact,exact
2026-09-03,09:30,au,沪金,au2610,952,22.26,22.3,20.34,20.44,0.5,0.2393,,-0.0013,20,952.0,0.1918,0.1939,au2612,0.2486,morning,1,1,exact,exact
2026-09-03,09:30,cf,棉花,cf2701,16800,461.0,468.0,370.0,376.0,1.6,0.1197,,-0.00095,99,16800.0,0.1215,0.1203,cf2611,0.1202,morning,1,1,exact,exact
2026-09-03,09:30,sr,白糖,sr2701,5400,157.0,158.5,123.0,124.5,1.2,0.1251,,-0.00065,99,5400.0,0.0985,0.0849,sr2611,0.1181,morning,1,1,exact,exact
2026-09-03,09:30,i,铁矿石,i2610,730,10.9,11.2,7.7,7.9,2.8,0.171,,-0.0006,13,730.0,0.159,0.1614,i2701,0.1628,morning,1,1,exact,exact
2026-09-03,09:30,ru,橡胶,ru2701,18750,855.0,860.0,792.0,800.0,1.0,0.1981,,0.0019,113,18750.0,0.1455,0.1681,ru2610,0.2072,morning,1,1,exact,exact
2026-09-03,14:50,m,豆粕,m2701,3400,98.5,99.0,110.5,112.5,1.8,0.1448,,-0.0012,104,3400.0,0.1398,0.1138,m2611,,afternoon,1,0,exact,
2026-09-03,14:50,c,玉米,c2611,2300,35.0,35.5,35.5,36.0,1.4,0.1043,,-0.0007,50,2300.0,0.0838,0.0715,c2701,0.0195,afternoon,1,1,exact,exact
2026-09-03,14:50,rm,菜籽粕,rm2611,2350,67.0,68.5,56.0,57.0,2.2,0.1996,,0.005,40,2350.0,0.1804,0.1566,rm2701,0.186,afternoon,1,1,exact,exact
2026-09-03,14:50,ta,PTA,ta2610,6100,124.0,127.5,109.0,111.5,2.8,0.3267,,-0.01435,8,6100.0,0.2589,0.2737,ta2701,0.2807,afternoon,1,1,exact,exact
2026-09-03,14:50,ma,甲醇,ma2610,3150,92.0,93.0,87.5,88.5,1.1,0.4838,,-0.01635,8,3150.0,0.3156,0.3148,ma2611,0.3864,afternoon,1,1,exact,exact
2026-09-03,14:50,au,沪金,au2610,960,21.7,21.84,22.08,22.3,1.0,0.2445,,0.0016,20,960.0,0.1918,0.1939,au2612,0.248,afternoon,1,1,exact,exact
2026-09-03,14:50,cf,棉花,cf2701,16800,423.0,431.0,399.0,406.0,1.9,0.1185,,-0.0006,99,16800.0,0.1215,0.1203,cf2611,0.1206,afternoon,1,1,exact,exact
2026-09-03,14:50,sr,白糖,sr2701,5400,159.5,160.5,123.0,123.5,0.6,0.1259,,0.00035,99,5400.0,0.0985,0.0849,sr2611,0.1167,afternoon,1,1,exact,exact
2026-09-03,14:50,i,铁矿石,i2610,740,11.9,12.2,7.5,7.7,2.7,0.1759,,0.002,13,740.0,0.159,0.1614,i2701,0.1637,afternoon,1,1,exact,exact
2026-09-03,14:50,ru,橡胶,ru2701,18750,766.0,774.0,860.0,868.0,1.0,0.1958,,-0.0006,113,18750.0,0.1455,0.1681,ru2610,0.0364,afternoon,1,1,exact,exact
2026-09-04,09:15,m,豆粕,m2701,3400,105.0,105.5,106.0,107.5,1.4,0.1467,,0.00015,103,3400.0,0.1452,0.1159,m2611,,morning,1,0,exact,
2026-09-04,09:15,c,玉米,c2611,2300,34.0,34.5,34.0,34.5,1.5,0.1016,,-0.00205,49,2300.0,0.0859,0.0723,c2701,,morning,1,0,exact,
2026-09-04,09:15,rm,菜籽粕,rm2611,2350,64.0,65.0,55.5,56.0,1.6,0.1957,,0.00125,39,2350.0,0.1915,0.1604,rm2701,0.1864,morning,1,1,exact,exact
2026-09-04,09:15,ta,PTA,ta2610,6100,128.5,131.0,87.0,88.0,1.9,0.3215,,-0.0236,7,6100.0,0.2645,0.2735,ta2701,0.2838,morning,1,1,exact,exact
2026-09-04,09:15,ma,甲醇,ma2610,3200,90.5,91.0,93.5,95.0,1.6,0.5218,,0.00165,7,3200.0,0.3174,0.3164,ma2611,0.3834,morning,1,1,exact,exact
2026-09-04,09:15,au,沪金,au2610,968,24.22,24.42,20.86,21.06,1.0,0.2563,,0.0085,19,968.0,0.1895,0.1883,au2612,0.2556,morning,1,1,exact,exact
2026-09-04,09:15,cf,棉花,cf2701,16800,420.0,429.0,382.0,389.0,2.1,0.1163,,-0.0017,98,16800.0,0.1236,0.1201,cf2611,0.1204,morning,1,1,exact,exact
2026-09-04,09:15,sr,白糖,sr2701,5400,151.0,153.0,128.5,130.5,1.6,0.1258,,0.00035,98,5400.0,0.1028,0.0866,sr2611,0.1193,morning,1,1,exact,exact
2026-09-04,09:15,i,铁矿石,i2610,740,8.4,8.7,9.0,9.3,3.6,0.1649,,-0.00305,12,740.0,0.1602,0.1615,i2701,0.161,morning,1,1,exact,exact
2026-09-04,09:16,ru,橡胶,ru2701,18750,828.0,840.0,806.0,816.0,1.4,0.198,,-5e-05,112,18750.0,0.1491,0.1681,ru2610,,morning,1,0,exact,
2026-09-04,09:30,m,豆粕,m2701,3400,108.0,109.0,103.0,103.5,0.9,0.1465,,0.00085,103,3400.0,0.1452,0.1159,m2611,,morning,1,0,exact,
2026-09-04,09:30,c,玉米,c2611,2300,34.5,35.0,34.0,35.0,2.9,0.1027,,-0.0008,49,2300.0,0.0859,0.0723,c2701,,morning,1,0,exact,
2026-09-04,09:30,rm,菜籽粕,rm2611,2350,64.5,65.5,54.5,55.5,1.8,0.1953,,-0.00215,39,2350.0,0.1915,0.1604,rm2701,0.186,morning,1,1,exact,exact
2026-09-04,09:30,ta,PTA,ta2610,6100,120.0,122.5,88.5,90.5,2.3,0.3118,,-0.00745,7,6100.0,0.2645,0.2735,ta2701,0.2807,morning,1,1,exact,exact
2026-09-04,09:30,ma,甲醇,ma2610,3200,99.0,100.0,87.5,88.5,1.1,0.5289,,0.02255,7,3200.0,0.3174,0.3164,ma2611,0.3856,morning,1,1,exact,exact
2026-09-04,09:30,au,沪金,au2610,968,23.08,23.18,21.84,22.02,0.8,0.255,,0.00525,19,968.0,0.1895,0.1883,au2612,0.2531,morning,1,1,exact,exact
2026-09-04,09:30,cf,棉花,cf2701,16800,439.0,446.0,367.0,372.0,1.6,0.1166,,-0.00095,98,16800.0,0.1236,0.1201,cf2611,0.1203,morning,1,1,exact,exact
2026-09-04,09:30,sr,白糖,sr2701,5400,153.5,155.0,126.5,128.5,1.6,0.1259,,-0.0,98,5400.0,0.1028,0.0866,sr2611,0.119,morning,1,1,exact,exact
2026-09-04,09:30,i,铁矿石,i2610,740,8.8,8.9,8.9,9.1,2.2,0.1663,,-0.0048,12,740.0,0.1602,0.1615,i2701,0.1612,morning,1,1,exact,exact
2026-09-04,09:30,ru,橡胶,ru2701,18750,861.0,869.0,775.0,784.0,1.2,0.1979,,0.00105,112,18750.0,0.1491,0.1681,ru2610,0.2136,morning,1,1,exact,exact
2026-09-04,14:50,m,豆粕,m2701,3400,120.5,122.0,100.5,102.0,1.5,0.154,,0.00365,103,3400.0,0.1452,0.1159,m2611,0.1834,afternoon,1,1,exact,exact
2026-09-04,14:50,c,玉米,c2611,2300,35.0,35.5,33.0,34.0,3.0,0.102,,0.0002,49,2300.0,0.0859,0.0723,c2701,,afternoon,1,0,exact,
2026-09-04,14:50,rm,菜籽粕,rm2611,2375,68.5,69.0,60.5,61.5,1.7,0.2089,,0.0066,39,2375.0,0.1915,0.1604,rm2701,0.1952,afternoon,1,1,exact,exact
2026-09-04,14:50,ta,PTA,ta2610,6100,98.0,100.0,123.0,124.5,2.0,0.3296,,0.00405,7,6100.0,0.2645,0.2735,ta2701,0.2803,afternoon,1,1,exact,exact
2026-09-04,14:50,ma,甲醇,ma2610,3200,75.0,76.0,99.0,100.5,1.5,0.4943,,-0.01375,7,3200.0,0.3174,0.3164,ma2611,0.3846,afternoon,1,1,exact,exact
2026-09-04,14:50,au,沪金,au2610,968,21.74,21.92,23.6,23.82,0.9,0.2577,,0.0007,19,968.0,0.1895,0.1883,au2612,0.2542,afternoon,1,1,exact,exact
2026-09-04,14:50,cf,棉花,cf2701,16800,404.0,410.0,408.0,415.0,1.7,0.1175,,0.0006,98,16800.0,0.1236,0.1201,cf2611,0.1199,afternoon,1,1,exact,exact
2026-09-04,14:50,sr,白糖,sr2701,5400,156.5,157.5,123.0,125.0,1.6,0.1255,,-0.00015,98,5400.0,0.1028,0.0866,sr2611,0.1145,afternoon,1,1,exact,exact
2026-09-04,14:50,i,铁矿石,i2610,740,8.2,8.4,9.2,9.6,4.3,0.1649,,0.0,12,740.0,0.1602,0.1615,i2701,0.1615,afternoon,1,1,exact,exact
2026-09-04,14:50,ru,橡胶,ru2701,18750,806.0,812.0,814.0,825.0,1.4,0.196,,-0.001,112,18750.0,0.1491,0.1681,ru2610,,afternoon,1,0,exact,
2026-09-07,09:15,m,豆粕,m2701,3400,103.5,105.0,110.0,111.5,1.4,0.1514,,0.00245,100,3392.0,0.1515,0.1192,m2611,0.1796,morning,1,1,exact,exact
2026-09-07,09:15,c,玉米,c2611,2280,32.5,34.0,32.0,32.5,4.6,0.1012,,-0.00075,46,2280.0,0.0861,0.0723,c2701,0.0922,morning,1,1,exact,exact
2026-09-07,09:15,rm,菜籽粕,rm2611,2350,59.5,60.0,58.5,60.0,2.6,0.2017,,0.0032,36,2348.0,0.1986,0.1629,rm2701,0.1878,morning,1,1,exact,exact
2026-09-07,09:15,ta,PTA,ta2701,5900,352.5,357.5,326.5,330.5,1.4,0.2823,,-0.01475,95,5932.0,0.2581,0.2549,ta2611,0.2956,morning,1,1,exact,exact
2026-09-07,09:15,ma,甲醇,ma2611,3050,138.5,140.0,154.0,155.5,1.1,0.3858,,-0.07155,36,3033.0,0.3064,0.3022,ma2701,0.3218,morning,1,1,exact,exact
2026-09-07,09:15,au,沪金,au2612,952,45.74,46.38,43.56,44.06,1.4,0.2548,,-0.0001,78,953.62,0.1883,0.1847,au2702,0.2534,morning,1,1,exact,legacy
2026-09-07,09:15,cf,棉花,cf2701,16800,421.0,427.0,400.0,403.0,1.4,0.1202,,0.0018,95,16830.0,0.1226,0.1203,cf2611,0.1281,morning,1,1,exact,exact
2026-09-07,09:15,sr,白糖,sr2701,5500,133.0,134.0,169.5,171.5,1.2,0.1364,,0.00525,95,5462.0,0.1018,0.0869,sr2611,0.1196,morning,1,1,exact,exact
2026-09-07,09:15,i,铁矿石,i2701,740,24.5,24.8,27.1,27.2,1.2,0.1681,,0.0009,100,736.0,0.164,0.152,i2611,0.1638,morning,1,1,exact,exact
2026-09-07,09:15,ru,橡胶,ru2701,19250,941.0,955.0,893.0,902.0,1.5,0.2186,,0.01035,109,19310.0,0.155,0.1698,ru2705,,morning,1,0,exact,
2026-09-07,09:30,m,豆粕,m2701,3400,102.0,104.0,111.0,113.0,2.0,0.1514,,-0.0013,100,3392.0,0.1515,0.1192,m2611,0.1792,morning,1,1,exact,exact
2026-09-07,09:30,c,玉米,c2611,2280,33.5,35.0,30.5,31.0,4.5,0.1002,,-0.0009,46,2284.0,0.0861,0.0723,c2701,0.0917,morning,1,1,exact,exact
2026-09-07,09:30,rm,菜籽粕,rm2611,2350,58.5,59.5,60.0,61.0,1.7,0.2026,,-0.00315,36,2348.0,0.1986,0.1629,rm2701,0.1863,morning,1,1,exact,exact
2026-09-07,09:30,ta,PTA,ta2701,6000,324.0,327.0,368.0,371.5,1.0,0.286,,-0.0218,95,5956.0,0.2581,0.2549,ta2611,0.3059,morning,1,1,exact,exact
2026-09-07,09:30,ma,甲醇,ma2611,3050,141.5,143.0,149.5,150.5,1.1,0.3824,,-0.05595,36,3042.0,0.3064,0.3022,ma2701,0.321,morning,1,1,exact,exact
2026-09-07,09:30,au,沪金,au2612,952,46.84,47.4,42.8,43.32,1.2,0.2553,,-0.0012,78,955.3,0.1883,0.1847,au2702,0.2552,morning,1,1,exact,legacy
2026-09-07,09:30,cf,棉花,cf2701,16800,424.0,430.0,389.0,395.0,1.5,0.1192,,0.00085,95,16840.0,0.1226,0.1203,cf2611,0.1266,morning,1,1,exact,exact
2026-09-07,09:30,sr,白糖,sr2701,5500,130.0,130.5,169.5,171.5,1.2,0.1349,,0.0047,95,5462.0,0.1018,0.0869,sr2611,0.1171,morning,1,1,exact,exact
2026-09-07,09:30,i,铁矿石,i2701,740,23.5,24.0,27.1,27.7,2.2,0.1659,,0.0005,100,736.5,0.164,0.152,i2611,0.164,morning,1,1,exact,exact
2026-09-07,09:30,ru,橡胶,ru2701,19250,987.0,998.0,932.0,946.0,1.5,0.2285,,0.01625,109,19335.0,0.155,0.1698,ru2705,0.2127,morning,1,1,exact,legacy
2026-09-07,14:50,m,豆粕,m2701,3400,114.5,115.5,103.0,104.0,1.0,0.153,,0.0008,100,3411.0,0.1515,0.1192,m2611,0.1825,afternoon,1,1,exact,exact
2026-09-07,14:50,c,玉米,c2611,2280,36.0,37.0,30.0,30.5,2.8,0.1028,,0.0008,46,2287.0,0.0861,0.0723,c2701,0.0934,afternoon,1,1,exact,exact
2026-09-07,14:50,rm,菜籽粕,rm2611,2350,66.0,67.0,55.0,56.0,1.8,0.2057,,0.002,36,2361.0,0.1986,0.1629,rm2701,0.1941,afternoon,1,1,exact,exact
2026-09-07,14:50,ta,PTA,ta2701,5900,359.5,362.0,332.0,334.0,0.7,0.2866,,0.00215,95,5930.0,0.2581,0.2549,ta2611,0.2962,afternoon,1,1,exact,exact
2026-09-07,14:50,ma,甲醇,ma2611,3050,149.5,150.5,144.5,145.5,0.7,0.3842,,-0.0008,36,3056.0,0.3064,0.3022,ma2701,0.3192,afternoon,1,1,exact,exact
2026-09-07,14:50,au,沪金,au2612,952,46.98,47.5,43.66,44.12,1.1,0.2583,,0.00175,78,953.98,0.1883,0.1847,au2702,0.2664,afternoon,1,1,exact,legacy
2026-09-07,14:50,cf,棉花,cf2701,16800,380.0,387.0,430.0,436.0,1.8,0.1195,,-0.00035,95,16745.0,0.1226,0.1203,cf2611,0.1244,afternoon,1,1,exact,exact
2026-09-07,14:50,sr,白糖,sr2701,5500,130.5,132.0,170.0,172.0,1.2,0.1356,,-0.0004,95,5460.0,0.1018,0.0869,sr2611,0.1195,afternoon,1,1,exact,exact
2026-09-07,14:50,i,铁矿石,i2701,730,27.2,27.7,22.6,23.2,2.7,0.1637,,-0.0022,100,734.5,0.164,0.152,i2611,0.164,afternoon,1,1,exact,exact
2026-09-07,14:50,ru,橡胶,ru2701,19250,922.0,934.0,975.0,986.0,1.3,0.2274,,0.0044,109,19195.0,0.155,0.1698,ru2705,0.2237,afternoon,1,1,exact,legacy
2026-09-08,09:15,m,豆粕,m2701,3400,110.5,111.0,104.0,105.0,1.0,0.1517,,0.00015,99,3405.0,0.1531,0.1201,m2611,0.181,morning,1,1,exact,exact
2026-09-08,09:15,c,玉米,c2611,2280,38.0,39.0,29.0,29.5,2.6,0.1054,,0.0026,45,2288.0,0.0886,0.0738,c2701,0.0921,morning,1,1,exact,exact
2026-09-08,09:15,rm,菜籽粕,rm2611,2350,59.0,60.5,60.0,60.5,2.5,0.2061,,0.00175,35,2350.0,0.2039,0.165,rm2701,0.1925,morning,1,1,exact,exact
2026-09-08,09:15,ta,PTA,ta2701,5900,357.0,360.5,313.5,316.5,1.0,0.2791,,-0.00345,94,5946.0,0.2595,0.2543,ta2611,0.2895,morning,1,1,exact,exact
2026-09-08,09:15,ma,甲醇,ma2611,3050,152.0,153.5,136.0,138.0,1.5,0.3812,,-0.0006,35,3068.0,0.31,0.3023,ma2701,0.3121,morning,1,1,exact,exact
2026-09-08,09:15,au,沪金,au2612,960,47.08,47.4,44.64,45.06,0.9,0.2608,,0.00275,77,961.08,0.1903,0.1808,au2702,,morning,1,0,exact,
2026-09-08,09:15,cf,棉花,cf2701,16800,405.0,412.0,401.0,408.0,1.7,0.1192,,-0.0,94,16805.0,0.1229,0.1205,cf2611,0.1244,morning,1,1,exact,exact
2026-09-08,09:15,sr,白糖,sr2701,5500,134.5,135.5,159.0,160.5,0.9,0.1326,,-0.00115,94,5476.0,0.0974,0.0865,sr2611,0.1171,morning,1,1,exact,exact
2026-09-08,09:15,i,铁矿石,i2701,740,24.8,25.3,25.3,25.6,2.0,0.1639,,-0.001,99,739.5,0.1643,0.153,i2611,0.1601,morning,1,1,exact,exact
2026-09-08,09:15,ru,橡胶,ru2701,19500,927.0,939.0,1038.0,1051.0,1.3,0.2344,,0.00295,108,19385.0,0.1714,0.1747,ru2705,,morning,1,0,exact,
2026-09-08,09:30,m,豆粕,m2701,3400,113.0,114.5,100.5,101.0,1.3,0.1509,,-0.00105,99,3412.0,0.1531,0.1201,m2611,0.1807,morning,1,1,exact,exact
2026-09-08,09:30,c,玉米,c2611,2280,39.0,40.0,29.5,30.5,3.4,0.108,,0.0026,45,2290.0,0.0886,0.0738,c2701,0.0925,morning,1,1,exact,exact
2026-09-08,09:30,rm,菜籽粕,rm2611,2350,61.5,63.0,57.0,58.0,2.4,0.2053,,-0.0002,35,2355.0,0.2039,0.165,rm2701,0.1914,morning,1,1,exact,exact
2026-09-08,09:30,ta,PTA,ta2701,6000,321.0,324.5,364.5,367.5,1.1,0.2849,,-0.00085,94,5954.0,0.2595,0.2543,ta2611,0.2887,morning,1,1,exact,exact
2026-09-08,09:30,ma,甲醇,ma2611,3050,152.5,154.0,133.5,135.0,1.1,0.3783,,-0.00295,35,3068.0,0.31,0.3023,ma2701,0.311,morning,1,1,exact,exact
2026-09-08,09:30,au,沪金,au2612,960,47.5,47.88,44.08,44.52,1.0,0.2602,,0.00095,77,962.18,0.1903,0.1808,au2702,,morning,1,0,exact,
2026-09-08,09:30,cf,棉花,cf2701,16800,411.0,418.0,407.0,413.0,1.7,0.1208,,0.00065,94,16805.0,0.1229,0.1205,cf2611,0.1269,morning,1,1,exact,exact
2026-09-08,09:30,sr,白糖,sr2701,5500,135.5,136.5,158.5,160.0,0.9,0.1328,,-0.0014,94,5477.0,0.0974,0.0865,sr2611,0.1158,morning,1,1,exact,exact
2026-09-08,09:30,i,铁矿石,i2701,740,23.8,24.1,25.9,26.5,2.3,0.1633,,-0.0002,99,737.0,0.1643,0.153,i2611,0.1621,morning,1,1,exact,exact
2026-09-08,09:30,ru,橡胶,ru2701,19500,963.0,970.0,1007.0,1018.0,1.1,0.2336,,0.0031,108,19465.0,0.1714,0.1747,ru2705,,morning,1,0,exact,
2026-09-08,14:50,m,豆粕,m2701,3400,113.5,114.5,101.0,102.5,1.5,0.1517,,0.0,99,3413.0,0.1531,0.1201,m2611,0.1818,afternoon,1,1,exact,exact
2026-09-08,14:50,c,玉米,c2611,2300,33.0,33.5,37.5,38.5,2.7,0.1105,,0.00255,45,2295.0,0.0886,0.0738,c2701,0.0921,afternoon,1,1,exact,exact
2026-09-08,14:50,rm,菜籽粕,rm2611,2375,55.5,56.5,67.5,69.0,2.2,0.2121,,0.003,35,2365.0,0.2039,0.165,rm2701,0.1906,afternoon,1,1,exact,exact
2026-09-08,14:50,ta,PTA,ta2701,6200,391.0,393.5,368.0,370.0,0.6,0.3013,,0.0111,94,6224.0,0.2595,0.2543,ta2611,0.3223,afternoon,1,1,exact,exact
2026-09-08,14:50,ma,甲醇,ma2611,3200,150.5,151.5,169.0,170.5,0.9,0.407,,0.0129,35,3181.0,0.31,0.3023,ma2701,0.3336,afternoon,1,1,exact,exact
2026-09-08,14:50,au,沪金,au2612,960,45.3,45.54,47.2,47.64,0.9,0.2641,,0.00165,77,956.54,0.1903,0.1808,au2702,0.2653,afternoon,1,1,exact,legacy
2026-09-08,14:50,cf,棉花,cf2701,16800,425.0,432.0,407.0,414.0,1.7,0.1228,,0.0018,94,16825.0,0.1229,0.1205,cf2611,0.1241,afternoon,1,1,exact,exact
2026-09-08,14:50,sr,白糖,sr2701,5500,149.5,150.0,143.5,145.0,1.0,0.1315,,-0.00055,94,5506.0,0.0974,0.0865,sr2611,0.1176,afternoon,1,1,exact,exact
2026-09-08,14:50,i,铁矿石,i2701,740,26.9,27.4,23.8,24.2,1.9,0.1651,,0.0006,99,743.5,0.1643,0.153,i2611,0.1623,afternoon,1,1,exact,exact
2026-09-08,14:50,ru,橡胶,ru2701,19500,1039.0,1051.0,928.0,937.0,1.2,0.2316,,-0.0014,108,19620.0,0.1714,0.1747,ru2705,0.2283,afternoon,1,1,exact,legacy
2026-09-09,09:15,m,豆粕,m2701,3400,99.5,100.5,111.5,114.0,2.2,0.1514,,0.00025,98,3390.0,0.1544,0.1207,m2611,0.1716,morning,1,1,exact,exact
2026-09-09,09:15,c,玉米,c2611,2280,34.0,35.0,33.5,34.0,2.9,0.1077,,-0.00015,44,2282.0,0.0899,0.0734,c2701,0.0908,morning,1,1,exact,exact
2026-09-09,09:15,rm,菜籽粕,rm2611,2350,52.5,53.5,64.5,65.5,1.9,0.2064,,0.00055,34,2342.0,0.2055,0.1656,rm2701,0.1835,morning,1,1,exact,exact
2026-09-09,09:15,ta,PTA,ta2701,6100,394.0,397.5,346.0,349.5,1.0,0.2994,,0.00725,93,6150.0,0.2783,0.2508,ta2611,0.3252,morning,1,1,exact,exact
2026-09-09,09:15,ma,甲醇,ma2611,3200,166.0,167.5,159.5,160.5,0.9,0.4172,,0.01945,34,3208.0,0.3148,0.2988,ma2701,0.3368,morning,1,1,exact,exact
2026-09-09,09:15,au,沪金,au2612,944,47.28,47.78,42.5,42.98,1.1,0.2609,,0.00035,76,947.86,0.1839,0.1757,au2702,,morning,1,0,exact,
2026-09-09,09:15,cf,棉花,cf2701,16800,391.0,395.0,439.0,446.0,1.6,0.1235,,0.00135,93,16750.0,0.1233,0.1206,cf2611,0.1274,morning,1,1,exact,exact
2026-09-09,09:15,sr,白糖,sr2701,5500,134.0,135.0,151.0,152.5,1.0,0.1293,,-0.00175,93,5483.0,0.0994,0.0873,sr2611,0.1128,morning,1,1,exact,exact
2026-09-09,09:15,i,铁矿石,i2701,740,23.0,23.5,26.2,26.7,2.2,0.1628,,-0.00025,98,736.5,0.1601,0.1532,i2611,0.1544,morning,1,1,exact,exact
2026-09-09,09:15,ru,橡胶,ru2701,19500,997.0,1015.0,932.0,944.0,1.8,0.2293,,-0.00215,107,19575.0,0.1787,0.1764,ru2705,,morning,1,0,exact,
2026-09-09,09:30,m,豆粕,m2701,3400,102.5,104.0,109.5,110.5,1.5,0.1516,,-5e-05,98,3394.0,0.1544,0.1207,m2611,0.1813,morning,1,1,exact,exact
2026-09-09,09:30,c,玉米,c2611,2280,35.0,35.5,32.5,33.0,1.5,0.1072,,-0.00165,44,2284.0,0.0899,0.0734,c2701,0.0922,morning,1,1,exact,exact
2026-09-09,09:30,rm,菜籽粕,rm2611,2350,58.0,59.5,59.0,60.0,2.6,0.2062,,-0.00295,34,2349.0,0.2055,0.1656,rm2701,0.1848,morning,1,1,exact,exact
2026-09-09,09:30,ta,PTA,ta2701,6200,360.0,363.0,396.5,400.0,0.9,0.3052,,0.00195,93,6164.0,0.2783,0.2508,ta2611,0.3217,morning,1,1,exact,exact
2026-09-09,09:30,ma,甲醇,ma2611,3200,165.5,166.5,159.0,160.0,0.6,0.4156,,0.0043,34,3208.0,0.3148,0.2988,ma2701,0.3375,morning,1,1,exact,exact
2026-09-09,09:30,au,沪金,au2612,952,44.92,45.38,47.04,47.56,1.1,0.2671,,0.0015,76,948.3,0.1839,0.1757,au2702,,morning,1,0,exact,
2026-09-09,09:30,cf,棉花,cf2701,16800,386.0,391.0,444.0,450.0,1.4,0.1236,,0.0004,93,16740.0,0.1233,0.1206,cf2611,0.1255,morning,1,1,exact,exact
2026-09-09,09:30,sr,白糖,sr2701,5500,138.0,139.0,147.0,148.0,0.7,0.129,,-0.00125,93,5490.0,0.0994,0.0873,sr2611,0.1126,morning,1,1,exact,exact
2026-09-09,09:30,i,铁矿石,i2701,740,23.4,23.9,25.6,26.1,2.1,0.162,,-0.00155,98,737.0,0.1601,0.1532,i2611,0.1547,morning,1,1,exact,exact
2026-09-09,09:30,ru,橡胶,ru2701,19500,1022.0,1034.0,915.0,925.0,1.2,0.2293,,-0.00115,107,19615.0,0.1787,0.1764,ru2705,0.168,morning,1,1,exact,legacy
2026-09-09,14:50,m,豆粕,m2701,3400,116.5,117.0,96.5,98.0,1.6,0.1509,,-0.00025,98,3422.0,0.1544,0.1207,m2611,0.1797,afternoon,1,1,exact,exact
2026-09-09,14:50,c,玉米,c2611,2280,34.5,35.5,33.5,34.0,2.9,0.1085,,0.0004,44,2281.0,0.0899,0.0734,c2701,0.0907,afternoon,1,1,exact,exact
2026-09-09,14:50,rm,菜籽粕,rm2611,2350,63.5,64.5,54.5,55.5,1.8,0.2066,,0.0001,34,2359.0,0.2055,0.1656,rm2701,0.1901,afternoon,1,1,exact,exact
2026-09-09,14:50,ta,PTA,ta2701,6200,384.0,387.0,378.0,380.5,0.8,0.3052,,0.0029,93,6206.0,0.2783,0.2508,ta2611,0.3246,afternoon,1,1,exact,exact
2026-09-09,14:50,ma,甲醇,ma2611,3200,182.5,184.0,160.0,161.0,0.8,0.4368,,0.0098,34,3223.0,0.3148,0.2988,ma2701,0.3472,afternoon,1,1,exact,exact
2026-09-09,14:50,au,沪金,au2612,952,47.98,48.4,44.0,44.24,0.9,0.2649,,0.002,76,954.56,0.1839,0.1757,au2702,0.268,afternoon,1,1,exact,legacy
2026-09-09,14:50,cf,棉花,cf2701,16800,387.0,391.0,435.0,442.0,1.6,0.1223,,-0.0006,93,16755.0,0.1233,0.1206,cf2611,0.1251,afternoon,1,1,exact,exact
2026-09-09,14:50,sr,白糖,sr2701,5500,134.0,135.0,149.0,150.5,1.0,0.1283,,-0.0005,93,5485.0,0.0994,0.0873,sr2611,0.1103,afternoon,1,1,exact,exact
2026-09-09,14:50,i,铁矿石,i2701,740,24.7,25.0,25.1,25.5,1.6,0.1635,,0.00035,98,740.0,0.1601,0.1532,i2611,0.1562,afternoon,1,1,exact,exact
2026-09-09,14:50,ru,橡胶,ru2701,19750,1012.0,1024.0,1001.0,1009.0,1.2,0.236,,0.00335,107,19790.0,0.1787,0.1764,ru2705,0.2184,afternoon,1,1,exact,legacy
2026-09-10,09:15,m,豆粕,m2701,3400,100.0,101.5,111.0,113.0,1.8,0.1524,,0.0004,97,3386.0,0.1557,0.1216,m2611,0.171,morning,1,1,exact,exact
2026-09-10,09:15,c,玉米,c2611,2260,34.5,35.5,28.0,28.5,2.9,0.1017,,-0.00275,43,2265.0,0.092,0.0742,c2701,0.0914,morning,1,1,exact,exact
2026-09-10,09:15,rm,菜籽粕,rm2611,2325,51.5,53.0,61.0,62.0,2.9,0.2042,,-0.001,33,2316.0,0.2065,0.1662,rm2701,0.1844,morning,1,1,exact,exact
2026-09-10,09:15,ta,PTA,ta2701,6300,382.0,386.0,408.0,411.0,1.0,0.3143,,0.00455,92,6286.0,0.28,0.2507,ta2611,0.3381,morning,1,1,exact,exact
2026-09-10,09:15,ma,甲醇,ma2611,3350,181.5,182.0,186.0,187.0,0.5,0.457,,0.0207,33,3350.0,0.3189,0.2962,ma2701,0.3683,morning,1,1,exact,exact
2026-09-10,09:15,au,沪金,au2612,960,45.48,45.8,45.68,46.22,1.2,0.2637,,-0.0017,75,957.82,0.1843,0.1755,au2702,0.2675,morning,1,1,exact,legacy
2026-09-10,09:15,cf,棉花,cf2701,16600,389.0,394.0,391.0,397.0,1.5,0.1179,,-0.00285,92,16590.0,0.1242,0.1207,cf2611,0.1169,morning,1,1,exact,exact
2026-09-10,09:15,sr,白糖,sr2701,5500,128.0,129.0,153.0,154.5,1.0,0.1284,,-0.0003,92,5474.0,0.0997,0.0873,sr2611,0.1087,morning,1,1,exact,exact
2026-09-10,09:15,i,铁矿石,i2701,730,24.7,25.4,23.3,23.6,2.8,0.1607,,-0.00065,97,732.0,0.1591,0.1529,i2611,0.1501,morning,1,1,exact,exact
2026-09-10,09:15,ru,橡胶,ru2701,19750,902.0,920.0,1016.0,1030.0,2.0,0.2284,,-0.00045,106,19640.0,0.1795,0.1729,ru2705,,morning,1,0,exact,
2026-09-10,09:30,m,豆粕,m2701,3400,98.5,100.0,113.5,114.5,1.5,0.1528,,0.00095,97,3384.0,0.1557,0.1216,m2611,0.1708,morning,1,1,exact,exact
2026-09-10,09:30,c,玉米,c2611,2260,34.5,36.0,27.5,28.0,4.3,0.1012,,-0.00365,43,2268.0,0.092,0.0742,c2701,0.0912,morning,1,1,exact,exact
2026-09-10,09:30,rm,菜籽粕,rm2611,2300,60.5,61.5,48.0,49.0,2.1,0.1969,,-0.00485,33,2312.0,0.2065,0.1662,rm2701,0.1864,morning,1,1,exact,exact
2026-09-10,09:30,ta,PTA,ta2701,6300,403.5,407.0,394.5,397.0,0.9,0.3163,,0.00555,92,6306.0,0.28,0.2507,ta2611,0.3433,morning,1,1,exact,exact
2026-09-10,09:30,ma,甲醇,ma2611,3350,204.5,206.5,177.5,180.5,1.7,0.4738,,0.0185,33,3374.0,0.3189,0.2962,ma2701,0.3817,morning,1,1,exact,exact
2026-09-10,09:30,au,沪金,au2612,960,45.08,45.6,46.04,46.52,1.2,0.2639,,-0.0005,75,957.3,0.1843,0.1755,au2702,0.2665,morning,1,1,exact,legacy
2026-09-10,09:30,cf,棉花,cf2701,16600,385.0,392.0,394.0,399.0,1.8,0.1178,,-0.00225,92,16585.0,0.1242,0.1207,cf2611,0.1177,morning,1,1,exact,exact
2026-09-10,09:30,sr,白糖,sr2701,5500,126.0,127.5,152.5,154.0,1.2,0.1274,,-0.00045,92,5472.0,0.0997,0.0873,sr2611,0.1071,morning,1,1,exact,exact
2026-09-10,09:30,i,铁矿石,i2701,730,24.8,25.4,22.9,23.2,2.4,0.1595,,-0.002,97,732.0,0.1591,0.1529,i2611,0.1504,morning,1,1,exact,exact
2026-09-10,09:30,ru,橡胶,ru2701,19750,939.0,952.0,1010.0,1023.0,1.4,0.2312,,-0.0024,106,19685.0,0.1795,0.1729,ru2705,,morning,1,0,exact,
2026-09-10,14:50,m,豆粕,m2701,3400,107.5,108.5,104.0,105.0,1.0,0.1515,,-0.00045,97,3402.0,0.1557,0.1216,m2611,0.1775,afternoon,1,1,exact,exact
2026-09-10,14:50,c,玉米,c2611,2260,31.0,31.5,30.0,30.5,1.7,0.0991,,-0.0013,43,2261.0,0.092,0.0742,c2701,0.0882,afternoon,1,1,exact,exact
2026-09-10,14:50,rm,菜籽粕,rm2611,2325,55.0,56.0,56.5,57.5,1.8,0.2014,,-0.0014,33,2322.0,0.2065,0.1662,rm2701,0.1844,afternoon,1,1,exact,exact
2026-09-10,14:50,ta,PTA,ta2701,6200,403.5,407.0,368.5,371.0,0.9,0.3094,,-0.00245,92,6236.0,0.28,0.2507,ta2611,0.3321,afternoon,1,1,exact,exact
2026-09-10,14:50,ma,甲醇,ma2611,3250,179.0,180.5,172.0,173.5,0.9,0.4483,,-0.00435,33,3269.0,0.3189,0.2962,ma2701,0.3698,afternoon,1,1,exact,exact
2026-09-10,14:50,au,沪金,au2612,960,46.32,46.78,44.88,45.48,1.3,0.2636,,-5e-05,75,959.64,0.1843,0.1755,au2702,0.2643,afternoon,1,1,exact,legacy
2026-09-10,14:50,cf,棉花,cf2701,16600,356.0,363.0,420.0,427.0,2.0,0.1179,,-0.0,92,16530.0,0.1242,0.1207,cf2611,0.1137,afternoon,1,1,exact,exact
2026-09-10,14:50,sr,白糖,sr2701,5500,116.5,117.0,167.0,169.0,1.2,0.1301,,0.00085,92,5450.0,0.0997,0.0873,sr2611,0.1131,afternoon,1,1,exact,exact
2026-09-10,14:50,i,铁矿石,i2701,730,24.1,24.7,24.0,24.6,2.5,0.1619,,0.0006,97,729.5,0.1591,0.1529,i2611,0.1532,afternoon,1,1,exact,exact
2026-09-10,14:50,ru,橡胶,ru2701,19500,896.0,909.0,937.0,948.0,1.5,0.22,,-0.0042,106,19455.0,0.1795,0.1729,ru2705,0.2206,afternoon,1,1,exact,legacy
2026-09-11,09:15,m,豆粕,m2701,3450,106.5,108.0,115.5,117.0,1.4,0.1583,,0.00275,96,3442.0,0.1566,0.1226,m2611,0.1775,morning,1,1,exact,exact
2026-09-11,09:15,c,玉米,c2611,2260,30.0,30.5,28.0,28.5,1.8,0.0954,,-0.0029,42,2260.0,0.0936,0.0751,c2701,0.0848,morning,1,1,exact,exact
2026-09-11,09:15,rm,菜籽粕,rm2611,2350,57.5,58.5,58.0,59.0,1.7,0.2091,,0.0061,32,2352.0,0.2109,0.1682,rm2701,0.1889,morning,1,1,exact,exact
2026-09-11,09:15,ta,PTA,ta2701,6300,412.5,416.5,404.5,406.5,1.0,0.3251,,0.0044,91,6314.0,0.2797,0.2505,ta2611,0.3581,morning,1,1,exact,exact
2026-09-11,09:15,ma,甲醇,ma2611,3300,170.5,173.0,197.0,198.5,1.5,0.4762,,0.0012,32,3276.0,0.3291,0.2996,ma2701,0.3875,morning,1,1,exact,exact
2026-09-11,09:15,au,沪金,au2612,944,44.86,45.6,45.88,46.48,1.6,0.2691,,0.0026,74,942.96,0.1831,0.1758,au2702,0.1991,morning,1,1,exact,legacy
2026-09-11,09:15,cf,棉花,cf2701,16400,414.0,424.0,334.0,341.0,2.4,0.115,,-0.0014,91,16470.0,0.1269,0.1212,cf2611,0.1121,morning,1,1,exact,exact
2026-09-11,09:15,sr,白糖,sr2701,5500,113.5,114.5,162.5,164.0,0.9,0.1274,,0.0,91,5450.0,0.0947,0.0873,sr2611,0.1141,morning,1,1,exact,exact
2026-09-11,09:15,i,铁矿石,i2701,720,24.5,25.1,22.1,22.4,2.4,0.1587,,-0.0004,96,722.5,0.1587,0.1519,i2611,0.148,morning,1,1,exact,exact
2026-09-11,09:15,ru,橡胶,ru2701,19500,782.0,790.0,971.0,978.0,1.0,0.2117,,-0.00975,105,19380.0,0.1832,0.1739,ru2705,0.2151,morning,1,1,exact,legacy
2026-09-11,09:30,m,豆粕,m2701,3450,100.5,102.0,122.0,123.5,1.5,0.1591,,0.0038,96,3431.0,0.1566,0.1226,m2611,0.1788,morning,1,1,exact,exact
2026-09-11,09:30,c,玉米,c2611,2260,28.5,29.0,28.5,29.5,3.5,0.0942,,-0.00245,42,2260.0,0.0936,0.0751,c2701,0.0853,morning,1,1,exact,exact
2026-09-11,09:30,rm,菜籽粕,rm2611,2350,56.0,57.0,59.5,61.0,2.5,0.2102,,0.0044,32,2345.0,0.2109,0.1682,rm2701,0.1911,morning,1,1,exact,exact
2026-09-11,09:30,ta,PTA,ta2701,6300,427.0,430.5,397.0,399.0,0.8,0.327,,0.0088,91,6330.0,0.2797,0.2505,ta2611,0.3594,morning,1,1,exact,exact
2026-09-11,09:30,ma,甲醇,ma2611,3250,187.0,188.0,171.0,172.5,0.9,0.4642,,0.00795,32,3267.0,0.3291,0.2996,ma2701,0.3837,morning,1,1,exact,exact
2026-09-11,09:30,au,沪金,au2612,944,44.44,44.86,46.74,47.0,0.9,0.2701,,0.00325,74,940.56,0.1831,0.1758,au2702,0.2703,morning,1,1,exact,legacy
2026-09-11,09:30,cf,棉花,cf2701,16400,400.0,405.0,341.0,346.0,1.5,0.1135,,-0.0022,91,16450.0,0.1269,0.1212,cf2611,0.1123,morning,1,1,exact,exact
2026-09-11,09:30,sr,白糖,sr2701,5500,116.5,118.0,161.0,162.5,1.3,0.1281,,-0.001,91,5451.0,0.0947,0.0873,sr2611,0.1136,morning,1,1,exact,exact
2026-09-11,09:30,i,铁矿石,i2701,720,23.3,23.5,23.6,23.9,1.3,0.1599,,-0.001,96,718.5,0.1587,0.1519,i2611,0.155,morning,1,1,exact,exact
2026-09-11,09:30,ru,橡胶,ru2701,19500,832.0,842.0,952.0,962.0,1.2,0.2157,,-0.00215,105,19380.0,0.1832,0.1739,ru2705,0.2152,morning,1,1,exact,legacy
2026-09-11,14:50,m,豆粕,m2701,3400,108.0,110.0,103.5,104.0,1.9,0.1523,,-0.003,96,3404.0,0.1566,0.1226,m2611,0.1803,afternoon,1,1,exact,exact
2026-09-11,14:50,c,玉米,c2611,2260,28.0,28.5,32.5,33.5,3.1,0.1,,0.0023,42,2256.0,0.0936,0.0751,c2701,0.0852,afternoon,1,1,exact,exact
2026-09-11,14:50,rm,菜籽粕,rm2611,2325,57.5,59.0,53.5,54.5,2.6,0.2035,,-0.0028,32,2329.0,0.2109,0.1682,rm2701,0.1881,afternoon,1,1,exact,exact
2026-09-11,14:50,ta,PTA,ta2701,6300,387.5,391.5,430.5,433.5,1.0,0.3286,,0.00175,91,6258.0,0.2797,0.2505,ta2611,0.3571,afternoon,1,1,exact,exact
2026-09-11,14:50,ma,甲醇,ma2611,3200,168.0,170.0,170.5,172.0,1.2,0.4489,,-0.01365,32,3200.0,0.3291,0.2996,ma2701,0.3745,afternoon,1,1,exact,exact
2026-09-11,14:50,au,沪金,au2612,944,46.48,46.94,44.16,44.62,1.0,0.2678,,-0.00065,74,944.22,0.1831,0.1758,au2702,0.267,afternoon,1,1,exact,legacy
2026-09-11,14:50,cf,棉花,cf2701,16400,365.0,375.0,386.0,394.0,2.7,0.1162,,0.0006,91,16375.0,0.1269,0.1212,cf2611,0.1182,afternoon,1,1,exact,exact
2026-09-11,14:50,sr,白糖,sr2701,5400,151.0,152.5,109.0,109.5,1.0,0.1201,,-0.00365,91,5441.0,0.0947,0.0873,sr2611,0.1151,afternoon,1,1,exact,exact
2026-09-11,14:50,i,铁矿石,i2701,720,22.9,23.3,24.6,24.8,1.7,0.1624,,0.00185,96,717.5,0.1587,0.1519,i2611,0.1534,afternoon,1,1,exact,exact
2026-09-11,14:50,ru,橡胶,ru2701,19250,856.0,866.0,829.0,838.0,1.2,0.2047,,-0.0035,105,19290.0,0.1832,0.1739,ru2705,0.2138,afternoon,1,1,exact,legacy
2026-09-14,09:15,m,豆粕,m2701,3400,92.5,94.0,112.0,115.0,2.7,0.1514,,-0.00385,93,3382.0,0.1597,0.124,m2611,0.1658,morning,1,1,exact,exact
2026-09-14,09:15,c,玉米,c2611,2240,24.0,25.0,30.0,31.0,4.2,0.0941,,-5e-05,39,2234.0,0.0942,0.0751,c2701,0.0823,morning,1,1,exact,exact
2026-09-14,09:15,rm,菜籽粕,rm2611,2300,52.5,53.5,48.5,49.5,2.1,0.1965,,-0.00685,29,2302.0,0.2116,0.1692,rm2701,0.1848,morning,1,1,exact,exact
2026-09-14,09:15,ta,PTA,ta2701,6400,482.5,488.0,407.0,412.5,1.4,0.3537,,0.01335,88,6442.0,0.2844,0.2535,ta2611,0.4109,morning,1,1,exact,exact
2026-09-14,09:15,ma,甲醇,ma2611,3300,196.0,197.5,188.5,190.5,1.1,0.517,,0.0264,29,3313.0,0.3581,0.3098,ma2701,0.3949,morning,1,1,exact,exact
2026-09-14,09:15,au,沪金,au2612,944,41.74,42.56,43.72,44.62,2.1,0.2601,,-0.005,71,940.54,0.1816,0.175,au2702,0.2654,morning,1,1,exact,legacy
2026-09-14,09:15,cf,棉花,cf2701,16200,404.0,408.0,326.0,330.0,1.2,0.115,,0.00075,88,16255.0,0.1298,0.1223,cf2611,0.1159,morning,1,1,exact,exact
2026-09-14,09:15,sr,白糖,sr2701,5400,119.5,121.0,133.5,135.5,1.5,0.1207,,-0.0037,88,5375.0,0.0944,0.0868,sr2611,0.0996,morning,1,1,exact,exact
2026-09-14,09:15,i,铁矿石,i2701,710,23.7,24.7,21.7,22.5,4.2,0.161,,0.00055,93,712.0,0.1593,0.1532,i2611,0.1516,morning,1,1,exact,exact
2026-09-14,09:15,ru,橡胶,ru2701,19000,830.0,842.0,803.0,816.0,1.6,0.2045,,-0.0056,102,19030.0,0.1864,0.1744,ru2705,0.2032,morning,1,1,exact,legacy
2026-09-14,09:30,m,豆粕,m2701,3400,96.0,97.0,109.5,111.0,1.4,0.151,,-0.00065,93,3390.0,0.1597,0.124,m2611,0.1679,morning,1,1,exact,exact
2026-09-14,09:30,c,玉米,c2611,2240,24.0,25.5,30.5,31.0,6.2,0.095,,-0.0025,39,2233.0,0.0942,0.0751,c2701,0.0825,morning,1,1,exact,exact
2026-09-14,09:30,rm,菜籽粕,rm2611,2325,45.5,46.5,60.0,61.0,2.2,0.2042,,0.00035,29,2313.0,0.2116,0.1692,rm2701,0.1812,morning,1,1,exact,exact
2026-09-14,09:30,ta,PTA,ta2701,6500,450.0,455.0,461.5,466.5,1.1,0.3593,,0.01535,88,6494.0,0.2844,0.2535,ta2611,0.4252,morning,1,1,exact,exact
2026-09-14,09:30,ma,甲醇,ma2611,3300,185.0,186.5,194.0,195.5,0.8,0.5129,,0.032,29,3290.0,0.3581,0.3098,ma2701,0.387,morning,1,1,exact,exact
2026-09-14,09:30,au,沪金,au2612,944,41.16,41.74,42.96,43.38,1.4,0.2549,,-0.00645,71,940.9,0.1816,0.175,au2702,0.2612,morning,1,1,exact,legacy
2026-09-14,09:30,cf,棉花,cf2701,16400,338.0,344.0,389.0,395.0,1.8,0.1143,,-0.00095,88,16325.0,0.1298,0.1223,cf2611,0.1159,morning,1,1,exact,exact
2026-09-14,09:30,sr,白糖,sr2701,5400,123.0,124.5,130.5,132.0,1.2,0.1205,,0.0002,88,5389.0,0.0944,0.0868,sr2611,0.0996,morning,1,1,exact,exact
2026-09-14,09:30,i,铁矿石,i2701,710,24.7,25.1,20.8,21.0,1.6,0.1591,,-0.00165,93,713.0,0.1593,0.1532,i2611,0.1515,morning,1,1,exact,exact
2026-09-14,09:30,ru,橡胶,ru2701,19000,852.0,860.0,792.0,800.0,1.0,0.2049,,0.0001,102,19060.0,0.1864,0.1744,ru2705,0.203,morning,1,1,exact,legacy
2026-09-14,14:50,m,豆粕,m2701,3350,104.5,105.5,89.0,90.0,1.1,0.1432,,-0.0041,93,3363.0,0.1597,0.124,m2611,0.1676,afternoon,1,1,exact,exact
2026-09-14,14:50,c,玉米,c2611,2220,28.5,29.5,26.5,27.5,3.8,0.0964,,0.00115,39,2222.0,0.0942,0.0751,c2701,0.0862,afternoon,1,1,exact,exact
2026-09-14,14:50,rm,菜籽粕,rm2611,2300,45.5,46.5,53.0,54.0,2.2,0.1925,,-0.002,29,2292.0,0.2116,0.1692,rm2701,0.1797,afternoon,1,1,exact,exact
2026-09-14,14:50,ta,PTA,ta2611,6600,291.5,294.5,311.0,314.0,1.0,0.4096,,0.02795,29,6556.0,0.2884,0.2657,ta2701,0.3357,afternoon,1,1,exact,exact
2026-09-14,14:50,ma,甲醇,ma2611,3250,172.0,173.0,181.0,182.0,0.6,0.4845,,-0.01625,29,3240.0,0.3581,0.3098,ma2701,0.3797,afternoon,1,1,exact,exact
2026-09-14,14:50,au,沪金,au2612,936,44.1,44.8,40.44,40.84,1.6,0.2571,,-0.0015,71,938.18,0.1816,0.175,au2702,0.2623,afternoon,1,1,exact,legacy
2026-09-14,14:50,cf,棉花,cf2701,16200,372.0,377.0,361.0,366.0,1.4,0.1159,,0.00045,88,16210.0,0.1298,0.1223,cf2611,0.1195,afternoon,1,1,exact,exact
2026-09-14,14:50,sr,白糖,sr2701,5400,119.0,120.5,132.5,134.0,1.3,0.1196,,-0.00055,88,5386.0,0.0944,0.0868,sr2611,0.0998,afternoon,1,1,exact,exact
2026-09-14,14:50,i,铁矿石,i2701,710,22.5,23.1,23.1,23.7,2.7,0.1616,,0.0003,93,708.0,0.1593,0.1532,i2611,0.1605,afternoon,1,1,exact,exact
2026-09-14,14:50,ru,橡胶,ru2701,19000,800.0,810.0,841.0,850.0,1.2,0.2058,,0.00065,102,18960.0,0.1864,0.1744,ru2705,0.209,afternoon,1,1,exact,legacy
2026-09-15,09:15,m,豆粕,m2701,3350,103.5,105.0,85.5,87.0,1.8,0.1409,,-0.00505,92,3366.0,0.1631,0.1254,m2611,0.1657,morning,1,1,exact,exact
2026-09-15,09:15,c,玉米,c2611,2220,23.5,24.0,31.5,32.5,3.2,0.0977,,0.00135,38,2211.0,0.0964,0.0774,c2701,0.0901,morning,1,1,exact,exact
2026-09-15,09:15,rm,菜籽粕,rm2611,2275,48.5,50.0,45.0,46.0,3.1,0.1876,,-0.0083,28,2279.0,0.219,0.1721,rm2701,0.1787,morning,1,1,exact,exact
2026-09-15,09:15,ta,PTA,ta2611,6600,311.5,314.0,284.5,287.0,0.9,0.4088,,0.02475,28,6608.0,0.3065,0.2722,ta2701,0.3424,morning,1,1,exact,exact
2026-09-15,09:15,ma,甲醇,ma2611,3200,167.5,169.0,152.0,153.5,1.0,0.4506,,-0.03115,28,3215.0,0.37,0.3125,ma2701,0.3717,morning,1,1,exact,exact
2026-09-15,09:15,au,沪金,au2612,936,41.26,41.74,42.2,42.7,1.2,0.2568,,0.00095,70,933.1,0.1848,0.1759,au2702,0.2645,morning,1,1,exact,legacy
2026-09-15,09:15,cf,棉花,cf2701,16000,413.0,420.0,309.0,313.0,1.7,0.1158,,0.00075,87,16090.0,0.129,0.1227,cf2611,0.1301,morning,1,1,exact,exact
2026-09-15,09:15,sr,白糖,sr2701,5400,105.0,106.0,144.5,146.0,1.0,0.1197,,-0.0004,87,5363.0,0.0976,0.0877,sr2611,0.0951,morning,1,1,exact,exact
2026-09-15,09:15,i,铁矿石,i2701,710,22.1,22.8,22.8,23.2,3.2,0.1595,,0.0002,92,709.5,0.1621,0.1541,i2611,0.1582,morning,1,1,exact,exact
2026-09-15,09:15,ru,橡胶,ru2701,18750,806.0,816.0,739.0,745.0,1.2,0.1961,,-0.0044,101,18815.0,0.1874,0.1757,ru2705,0.2005,morning,1,1,exact,legacy
2026-09-15,09:30,m,豆粕,m2701,3350,105.5,107.5,82.5,84.0,1.9,0.1401,,-0.00155,92,3372.0,0.1631,0.1254,m2611,0.1654,morning,1,1,exact,exact
2026-09-15,09:30,c,玉米,c2611,2220,24.0,24.5,30.5,31.5,3.3,0.0967,,0.00015,38,2213.0,0.0964,0.0774,c2701,0.0892,morning,1,1,exact,exact
2026-09-15,09:30,rm,菜籽粕,rm2611,2275,51.0,52.5,42.0,43.0,2.9,0.1862,,-0.00315,28,2285.0,0.219,0.1721,rm2701,0.1775,morning,1,1,exact,exact
2026-09-15,09:30,ta,PTA,ta2611,6700,279.5,281.5,324.5,327.0,0.8,0.4111,,0.00075,28,6656.0,0.3065,0.2722,ta2701,0.3438,morning,1,1,exact,exact
2026-09-15,09:30,ma,甲醇,ma2611,3250,151.0,152.0,169.0,170.0,0.7,0.4484,,-0.01805,28,3231.0,0.37,0.3125,ma2701,0.3702,morning,1,1,exact,exact
2026-09-15,09:30,au,沪金,au2612,936,41.78,42.4,42.32,42.54,1.5,0.2582,,0.00055,70,934.48,0.1848,0.1759,au2702,0.264,morning,1,1,exact,legacy
2026-09-15,09:30,cf,棉花,cf2701,16000,408.0,413.0,324.0,328.0,1.2,0.1173,,0.0007,87,16080.0,0.129,0.1227,cf2611,0.1314,morning,1,1,exact,exact
2026-09-15,09:30,sr,白糖,sr2701,5400,107.0,108.5,142.0,143.0,1.4,0.1195,,-5e-05,87,5363.0,0.0976,0.0877,sr2611,0.0947,morning,1,1,exact,exact
2026-09-15,09:30,i,铁矿石,i2701,710,22.2,23.0,23.1,23.5,3.6,0.1611,,-0.00025,92,709.5,0.1621,0.1541,i2611,0.1605,morning,1,1,exact,exact
2026-09-15,09:30,ru,橡胶,ru2701,18750,770.0,778.0,773.0,782.0,1.2,0.1969,,-0.00445,101,18720.0,0.1874,0.1757,ru2705,0.1979,morning,1,1,exact,legacy
2026-09-15,14:50,m,豆粕,m2701,3400,89.0,90.0,110.0,111.5,1.4,0.1475,,0.0033,92,3380.0,0.1631,0.1254,m2611,0.1665,afternoon,1,1,exact,exact
2026-09-15,14:50,c,玉米,c2611,2200,30.0,31.0,20.0,20.5,3.3,0.089,,-0.00435,38,2208.0,0.0964,0.0774,c2701,0.0886,afternoon,1,1,exact,exact
2026-09-15,14:50,rm,菜籽粕,rm2611,2275,53.0,54.0,41.5,42.5,2.4,0.1885,,0.00045,28,2287.0,0.219,0.1721,rm2701,0.177,afternoon,1,1,exact,exact
2026-09-15,14:50,ta,PTA,ta2611,6700,293.5,296.0,302.5,305.0,0.9,0.4036,,-0.0026,28,6692.0,0.3065,0.2722,ta2701,0.3433,afternoon,1,1,exact,exact
2026-09-15,14:50,ma,甲醇,ma2611,3200,156.5,158.0,146.0,146.5,1.0,0.427,,-0.0118,28,3208.0,0.37,0.3125,ma2701,0.367,afternoon,1,1,exact,exact
2026-09-15,14:50,au,沪金,au2612,936,40.68,41.06,43.12,43.58,1.1,0.2579,,0.00055,70,932.2,0.1848,0.1759,au2702,0.2648,afternoon,1,1,exact,legacy
2026-09-15,14:50,cf,棉花,cf2701,16000,400.0,404.0,347.0,349.0,1.0,0.1196,,0.0019,87,16050.0,0.129,0.1227,cf2611,0.1344,afternoon,1,1,exact,exact
2026-09-15,14:50,sr,白糖,sr2701,5400,101.0,101.5,145.5,147.0,1.0,0.1184,,-0.00065,87,5353.0,0.0976,0.0877,sr2611,0.0951,afternoon,1,1,exact,exact
2026-09-15,14:50,i,铁矿石,i2701,710,21.6,22.0,23.3,23.9,2.6,0.1598,,0.00015,92,707.5,0.1621,0.1541,i2611,0.1567,afternoon,1,1,exact,exact
2026-09-15,14:50,ru,橡胶,ru2701,18750,772.0,781.0,779.0,791.0,1.5,0.1982,,0.00105,101,18720.0,0.1874,0.1757,ru2705,0.2047,afternoon,1,1,exact,legacy
2026-09-16,09:15,m,豆粕,m2701,3450,94.5,96.0,118.0,120.0,1.7,0.1565,,0.0082,91,3428.0,0.1581,0.1257,m2611,0.1752,morning,1,1,exact,exact
2026-09-16,09:15,c,玉米,c2611,2220,23.5,24.5,31.0,32.5,4.8,0.0989,,0.0011,37,2212.0,0.0939,0.0774,c2701,0.0861,morning,1,1,exact,exact
2026-09-16,09:15,rm,菜籽粕,rm2611,2325,54.0,54.5,48.0,48.5,1.0,0.2021,,0.00795,27,2331.0,0.2112,0.1712,rm2701,0.187,morning,1,1,exact,exact
2026-09-16,09:15,ta,PTA,ta2611,7000,319.5,321.5,377.5,380.0,0.7,0.4609,,0.0249,27,6972.0,0.3103,0.2731,ta2701,0.3514,morning,1,1,exact,exact
2026-09-16,09:15,ma,甲醇,ma2611,3300,159.0,160.0,166.5,168.0,0.9,0.456,,0.0038,27,3293.0,0.3757,0.3148,ma2701,0.3704,morning,1,1,exact,exact
2026-09-16,09:15,au,沪金,au2612,928,43.92,44.36,39.24,39.8,1.4,0.2582,,0.0,69,931.7,0.1856,0.1744,au2702,0.2654,morning,1,1,exact,legacy
2026-09-16,09:15,cf,棉花,cf2701,16000,390.0,393.0,346.0,349.0,0.9,0.1187,,0.0007,86,16035.0,0.1298,0.122,cf2611,0.1392,morning,1,1,exact,exact
2026-09-16,09:15,sr,白糖,sr2701,5400,100.5,102.0,142.0,143.5,1.5,0.1173,,-0.0011,86,5356.0,0.0959,0.0873,sr2611,0.0909,morning,1,1,exact,exact
2026-09-16,09:15,i,铁矿石,i2701,710,22.5,22.8,22.7,23.0,1.3,0.1605,,-0.0003,91,709.5,0.1529,0.1538,i2611,0.159,morning,1,1,exact,exact
2026-09-16,09:15,ru,橡胶,ru2701,18750,837.0,847.0,717.0,722.0,1.2,0.1977,,0.0004,100,18860.0,0.1896,0.1747,ru2705,0.2028,morning,1,1,exact,legacy
2026-09-16,09:30,m,豆粕,m2701,3450,95.5,96.5,117.0,118.5,1.3,0.1561,,0.0043,91,3428.0,0.1581,0.1257,m2611,0.1737,morning,1,1,exact,exact
2026-09-16,09:30,c,玉米,c2611,2220,23.5,24.0,31.5,32.5,3.2,0.0989,,0.00495,37,2212.0,0.0939,0.0774,c2701,0.0862,morning,1,1,exact,exact
2026-09-16,09:30,rm,菜籽粕,rm2611,2325,52.0,53.5,49.0,50.0,2.9,0.2019,,0.0067,27,2327.0,0.2112,0.1712,rm2701,0.1889,morning,1,1,exact,exact
2026-09-16,09:30,ta,PTA,ta2611,7000,388.0,389.0,348.0,350.5,0.7,0.4818,,0.0391,27,7038.0,0.3103,0.2731,ta2701,0.3648,morning,1,1,exact,exact
2026-09-16,09:30,ma,甲醇,ma2611,3350,161.5,163.0,185.5,187.0,0.9,0.4817,,0.02735,27,3325.0,0.3757,0.3148,ma2701,0.3757,morning,1,1,exact,exact
2026-09-16,09:30,au,沪金,au2612,928,44.06,44.44,38.78,39.06,0.9,0.2566,,-0.00065,69,931.76,0.1856,0.1744,au2702,0.2648,morning,1,1,exact,legacy
2026-09-16,09:30,cf,棉花,cf2701,16000,380.0,384.0,359.0,363.0,1.1,0.1194,,-0.0001,86,16020.0,0.1298,0.122,cf2611,0.1379,morning,1,1,exact,exact
2026-09-16,09:30,sr,白糖,sr2701,5300,136.0,138.0,84.0,85.5,1.8,0.1068,,-0.0058,86,5349.0,0.0959,0.0873,sr2611,0.0909,morning,1,1,exact,exact
2026-09-16,09:30,i,铁矿石,i2701,710,21.3,21.9,23.6,24.3,3.0,0.1613,,0.00075,91,707.0,0.1529,0.1538,i2611,0.1587,morning,1,1,exact,exact
2026-09-16,09:30,ru,橡胶,ru2701,18750,823.0,830.0,718.0,724.0,0.9,0.1962,,-0.001,100,18840.0,0.1896,0.1747,ru2705,0.203,morning,1,1,exact,legacy
2026-09-16,14:50,m,豆粕,m2701,3500,103.5,104.5,127.5,131.0,2.7,0.168,,0.00575,91,3476.0,0.1581,0.1257,m2611,0.1874,afternoon,1,1,exact,exact
2026-09-16,14:50,c,玉米,c2611,2220,25.5,26.5,28.5,30.0,5.3,0.0979,,-0.0005,37,2216.0,0.0939,0.0774,c2701,0.087,afternoon,1,1,exact,exact
2026-09-16,14:50,rm,菜籽粕,rm2611,2375,61.5,62.0,53.5,55.0,2.8,0.224,,0.01095,27,2380.0,0.2112,0.1712,rm2701,0.1976,afternoon,1,1,exact,exact
2026-09-16,14:50,ta,PTA,ta2611,6900,351.5,355.0,321.5,324.0,1.0,0.4483,,-0.0063,27,6930.0,0.3103,0.2731,ta2701,0.371,afternoon,1,1,exact,exact
2026-09-16,14:50,ma,甲醇,ma2611,3300,173.0,174.5,160.0,161.5,0.9,0.4639,,0.00395,27,3314.0,0.3757,0.3148,ma2701,0.378,afternoon,1,1,exact,exact
2026-09-16,14:50,au,沪金,au2612,936,44.38,44.98,39.94,40.36,1.4,0.2597,,0.00075,69,939.26,0.1856,0.1744,au2702,0.2668,afternoon,1,1,exact,legacy
2026-09-16,14:50,cf,棉花,cf2701,16000,377.0,380.0,360.0,364.0,1.1,0.1191,,0.0002,86,16015.0,0.1298,0.122,cf2611,0.1394,afternoon,1,1,exact,exact
2026-09-16,14:50,sr,白糖,sr2701,5400,105.5,107.0,136.0,137.0,1.4,0.1164,,-0.00045,86,5369.0,0.0959,0.0873,sr2611,0.0929,afternoon,1,1,exact,exact
2026-09-16,14:50,i,铁矿石,i2701,710,22.2,22.8,22.2,22.7,2.7,0.1587,,-0.0009,91,709.0,0.1529,0.1538,i2611,0.1535,afternoon,1,1,exact,exact
2026-09-16,14:50,ru,橡胶,ru2701,18750,825.0,835.0,703.0,709.0,1.2,0.1944,,-0.00165,100,18870.0,0.1896,0.1747,ru2705,0.2025,afternoon,1,1,exact,legacy
2026-09-17,09:15,m,豆粕,m2701,3500,106.5,107.5,124.5,127.5,2.4,0.1687,,0.0063,90,3477.0,0.1678,0.1301,m2611,0.1866,morning,1,1,exact,exact
2026-09-17,09:15,c,玉米,c2611,2200,29.5,30.5,23.0,24.0,4.3,0.0965,,-0.0012,36,2207.0,0.0855,0.0775,c2701,0.09,morning,1,1,exact,exact
2026-09-17,09:15,rm,菜籽粕,rm2611,2400,62.5,63.0,58.5,60.0,2.6,0.238,,0.01805,26,2401.0,0.2259,0.1779,rm2701,0.2073,morning,1,1,exact,exact
2026-09-17,09:15,ta,PTA,ta2611,6900,280.5,283.0,308.5,311.0,0.9,0.4031,,-0.03935,26,6872.0,0.3394,0.2847,ta2701,0.3429,morning,1,1,exact,exact
2026-09-17,09:15,ma,甲醇,ma2611,3250,162.0,163.0,142.5,143.0,0.6,0.4371,,-0.0223,26,3271.0,0.3833,0.3198,ma2701,0.354,morning,1,1,exact,exact
2026-09-17,09:15,au,沪金,au2612,936,40.1,40.46,40.56,41.18,1.5,0.2516,,-0.0025,68,934.18,0.1846,0.1733,au2702,0.2603,morning,1,1,exact,legacy
2026-09-17,09:15,cf,棉花,cf2701,15800,423.0,430.0,325.0,330.0,1.7,0.123,,0.0018,85,15875.0,0.1277,0.1219,cf2611,0.1423,morning,1,1,exact,exact
2026-09-17,09:15,sr,白糖,sr2701,5400,100.5,101.5,145.5,146.5,1.0,0.1195,,0.00635,85,5354.0,0.094,0.0873,sr2611,0.0926,morning,1,1,exact,exact
2026-09-17,09:16,i,铁矿石,i2701,710,22.5,23.1,21.9,22.4,2.7,0.1594,,-0.00095,90,710.0,0.1513,0.1537,i2611,0.1447,morning,1,1,exact,exact
2026-09-17,09:16,ru,橡胶,ru2701,19000,740.0,747.0,840.0,853.0,1.5,0.2021,,0.00295,99,18885.0,0.1894,0.1737,ru2705,0.2031,morning,1,1,exact,legacy
2026-09-17,09:30,m,豆粕,m2701,3500,111.5,112.0,120.5,122.5,1.7,0.1682,,0.0001,90,3491.0,0.1678,0.1301,m2611,0.1896,morning,1,1,exact,exact
2026-09-17,09:30,c,玉米,c2611,2200,27.0,28.0,25.0,25.5,3.7,0.0953,,-0.0013,36,2202.0,0.0855,0.0775,c2701,0.0899,morning,1,1,exact,exact
2026-09-17,09:30,rm,菜籽粕,rm2611,2425,57.5,58.5,67.5,68.5,1.7,0.2445,,0.01025,26,2414.0,0.2259,0.1779,rm2701,0.2094,morning,1,1,exact,exact
2026-09-17,09:30,ta,PTA,ta2611,6900,296.5,297.5,298.0,300.0,0.7,0.405,,-0.02165,26,6892.0,0.3394,0.2847,ta2701,0.3416,morning,1,1,exact,exact
2026-09-17,09:30,ma,甲醇,ma2611,3300,152.0,153.5,163.0,165.0,1.2,0.4515,,-0.0062,26,3286.0,0.3833,0.3198,ma2701,0.3616,morning,1,1,exact,exact
2026-09-17,09:30,au,沪金,au2612,936,41.0,41.14,39.12,39.58,1.2,0.2488,,-0.00545,68,935.98,0.1846,0.1733,au2702,0.2526,morning,1,1,exact,legacy
2026-09-17,09:30,cf,棉花,cf2701,15800,400.0,406.0,355.0,360.0,1.5,0.1244,,0.00265,85,15835.0,0.1277,0.1219,cf2611,0.1488,morning,1,1,exact,exact
2026-09-17,09:30,sr,白糖,sr2701,5400,100.0,101.0,144.5,146.0,1.0,0.1189,,0.00125,85,5354.0,0.094,0.0873,sr2611,0.0923,morning,1,1,exact,exact
2026-09-17,09:30,i,铁矿石,i2701,710,22.1,22.7,22.5,23.1,2.7,0.1606,,0.00095,90,708.5,0.1513,0.1537,i2611,0.1465,morning,1,1,exact,exact
2026-09-17,09:30,ru,橡胶,ru2701,19000,768.0,774.0,830.0,839.0,1.1,0.2037,,0.00465,99,18920.0,0.1894,0.1737,ru2705,0.2044,morning,1,1,exact,legacy
2026-09-17,14:50,m,豆粕,m2701,3500,104.5,106.0,127.0,130.0,2.4,0.1693,,0.0003,90,3476.0,0.1678,0.1301,m2611,0.1863,afternoon,1,1,exact,exact
2026-09-17,14:50,c,玉米,c2611,2200,24.5,25.0,31.0,32.0,3.2,0.1021,,0.0028,36,2193.0,0.0855,0.0775,c2701,0.0883,afternoon,1,1,exact,exact
2026-09-17,14:50,rm,菜籽粕,rm2611,2400,61.0,62.0,59.0,60.0,1.7,0.2359,,-0.00105,26,2402.0,0.2259,0.1779,rm2701,0.2113,afternoon,1,1,exact,exact
2026-09-17,14:50,ta,PTA,ta2611,6700,244.5,247.0,291.5,294.0,1.0,0.3789,,-0.0121,26,6656.0,0.3394,0.2847,ta2701,0.3292,afternoon,1,1,exact,exact
2026-09-17,14:50,ma,甲醇,ma2611,3250,137.5,138.5,154.5,156.0,1.0,0.4247,,-0.0062,26,3234.0,0.3833,0.3198,ma2701,0.3505,afternoon,1,1,exact,exact
2026-09-17,14:50,au,沪金,au2612,936,39.56,40.1,39.2,39.72,1.4,0.2457,,-0.00295,68,934.72,0.1846,0.1733,au2702,0.2525,afternoon,1,1,exact,legacy
2026-09-17,14:50,cf,棉花,cf2701,15800,405.0,413.0,366.0,371.0,2.0,0.1272,,0.0021,85,15835.0,0.1277,0.1219,cf2611,0.1565,afternoon,1,1,exact,exact
2026-09-17,14:50,sr,白糖,sr2701,5300,133.0,135.0,89.0,90.5,1.7,0.1085,,-0.0055,85,5342.0,0.094,0.0873,sr2611,0.0921,afternoon,1,1,exact,exact
2026-09-17,14:51,i,铁矿石,i2701,710,22.9,23.6,21.3,21.7,3.1,0.1583,,-0.00055,90,711.5,0.1513,0.1537,i2611,0.1464,afternoon,1,1,exact,exact
2026-09-17,14:51,ru,橡胶,ru2701,18750,827.0,839.0,731.0,739.0,1.5,0.1999,,-0.0011,99,18830.0,0.1894,0.1737,ru2705,0.2013,afternoon,1,1,exact,legacy
2026-09-18,09:15,m,豆粕,m2701,3450,106.0,107.5,111.5,112.5,1.4,0.1606,,-0.0038,89,3448.0,0.1679,0.1303,m2611,0.1785,morning,1,1,exact,exact
2026-09-18,09:15,c,玉米,c2611,2180,31.5,32.0,22.5,23.0,2.2,0.1005,,0.0026,35,2189.0,0.0888,0.0773,c2701,0.0904,morning,1,1,exact,exact
2026-09-18,09:15,rm,菜籽粕,rm2611,2375,56.0,57.5,53.5,54.0,2.7,0.2217,,-0.0114,25,2381.0,0.2295,0.1778,rm2701,0.203,morning,1,1,exact,exact
2026-09-18,09:15,ta,PTA,ta2611,6600,234.5,237.0,250.0,251.0,1.1,0.3519,,-0.02655,25,6600.0,0.3553,0.2865,ta2701,0.3172,morning,1,1,exact,exact
2026-09-18,09:15,ma,甲醇,ma2611,3250,125.0,126.0,156.0,157.5,1.0,0.4175,,-0.017,25,3229.0,0.3895,0.3219,ma2701,0.341,morning,1,1,exact,exact
2026-09-18,09:15,au,沪金,au2612,944,40.06,40.84,38.0,38.64,1.9,0.2433,,-0.00275,67,944.42,0.187,0.1734,au2702,,morning,1,0,exact,
2026-09-18,09:15,cf,棉花,cf2701,15800,383.0,389.0,367.0,372.0,1.6,0.1246,,0.0001,84,15805.0,0.1319,0.1217,cf2611,0.1518,morning,1,1,exact,exact
2026-09-18,09:15,sr,白糖,sr2701,5300,123.0,124.0,91.0,92.5,1.6,0.1052,,-0.00685,84,5331.0,0.0943,0.0874,sr2611,0.0917,morning,1,1,exact,exact
2026-09-18,09:15,i,铁矿石,i2701,710,22.4,23.0,20.5,20.9,2.7,0.1544,,-0.0031,89,711.5,0.1445,0.1529,i2611,0.1442,morning,1,1,exact,exact
2026-09-18,09:15,ru,橡胶,ru2701,18750,767.0,773.0,785.0,795.0,1.3,0.2009,,-0.0014,98,18735.0,0.1888,0.1652,ru2705,0.2019,morning,1,1,exact,legacy
2026-09-18,09:30,m,豆粕,m2701,3450,107.5,109.0,109.5,110.5,1.4,0.1602,,-0.00455,89,3449.0,0.1679,0.1303,m2611,0.1795,morning,1,1,exact,exact
2026-09-18,09:30,c,玉米,c2611,2180,30.5,32.0,23.0,23.5,4.9,0.1005,,-0.0008,35,2188.0,0.0888,0.0773,c2701,0.0913,morning,1,1,exact,exact
2026-09-18,09:30,rm,菜籽粕,rm2611,2375,56.0,57.0,54.5,55.0,1.8,0.224,,-0.00595,25,2372.0,0.2295,0.1778,rm2701,0.204,morning,1,1,exact,exact
2026-09-18,09:30,ta,PTA,ta2611,6600,238.5,240.5,248.0,250.5,1.0,0.3539,,-0.0125,25,6596.0,0.3553,0.2865,ta2701,0.3198,morning,1,1,exact,exact
2026-09-18,09:30,ma,甲醇,ma2611,3250,133.0,134.5,147.0,148.0,1.1,0.4151,,-0.0048,25,3236.0,0.3895,0.3219,ma2701,0.3422,morning,1,1,exact,exact
2026-09-18,09:30,au,沪金,au2612,944,40.56,40.94,38.16,38.66,1.3,0.2446,,-0.00055,67,944.22,0.187,0.1734,au2702,,morning,1,0,exact,
2026-09-18,09:30,cf,棉花,cf2701,15800,389.0,396.0,362.0,367.0,1.8,0.1246,,-0.0013,84,15830.0,0.1319,0.1217,cf2611,0.1528,morning,1,1,exact,exact
2026-09-18,09:30,sr,白糖,sr2701,5300,121.0,122.5,92.5,93.5,1.2,0.1051,,-0.0017,84,5323.0,0.0943,0.0874,sr2611,0.0932,morning,1,1,exact,exact
2026-09-18,09:30,i,铁矿石,i2701,710,22.0,22.5,22.0,22.5,2.3,0.159,,0.00035,89,708.5,0.1445,0.1529,i2611,0.1489,morning,1,1,exact,exact
2026-09-18,09:30,ru,橡胶,ru2701,18750,765.0,774.0,779.0,786.0,1.2,0.1994,,-0.00025,98,18780.0,0.1888,0.1652,ru2705,0.2011,morning,1,1,exact,legacy
2026-09-18,14:50,m,豆粕,m2701,3400,97.5,99.5,107.0,108.0,2.1,0.1536,,-0.0035,89,3394.0,0.1679,0.1303,m2611,0.174,afternoon,1,1,exact,exact
2026-09-18,14:50,c,玉米,c2611,2180,30.5,31.0,28.5,29.0,1.8,0.1101,,0.0048,35,2181.0,0.0888,0.0773,c2701,0.0921,afternoon,1,1,exact,exact
2026-09-18,14:50,rm,菜籽粕,rm2611,2325,49.0,50.5,51.0,52.0,3.1,0.2082,,-0.00675,25,2323.0,0.2295,0.1778,rm2701,0.1965,afternoon,1,1,exact,exact
2026-09-18,14:50,ta,PTA,ta2611,6400,261.5,264.0,214.5,216.5,1.0,0.3545,,0.0013,25,6444.0,0.3553,0.2865,ta2701,0.3146,afternoon,1,1,exact,exact
2026-09-18,14:50,ma,甲醇,ma2611,3200,135.0,136.0,140.5,142.0,1.1,0.4135,,-0.002,25,3197.0,0.3895,0.3219,ma2701,0.3433,afternoon,1,1,exact,exact
2026-09-18,14:50,au,沪金,au2612,952,40.56,41.08,39.2,39.6,1.3,0.2459,,0.0013,67,951.98,0.187,0.1734,au2702,0.2551,afternoon,1,1,exact,legacy
2026-09-18,14:50,cf,棉花,cf2701,15800,343.0,348.0,404.0,408.0,1.5,0.1244,,-0.0001,84,15735.0,0.1319,0.1217,cf2611,0.1518,afternoon,1,1,exact,exact
2026-09-18,14:50,sr,白糖,sr2701,5300,113.5,115.5,97.0,98.0,1.8,0.1039,,-0.00065,84,5315.0,0.0943,0.0874,sr2611,0.0936,afternoon,1,1,exact,exact
2026-09-18,14:50,i,铁矿石,i2701,710,24.4,25.0,19.6,20.0,2.5,0.1577,,0.00165,89,714.5,0.1445,0.1529,i2611,0.1512,afternoon,1,1,exact,exact
2026-09-18,14:50,ru,橡胶,ru2701,18750,762.0,770.0,788.0,798.0,1.3,0.201,,5e-05,98,18715.0,0.1888,0.1652,ru2705,0.2021,afternoon,1,1,exact,legacy
2026-09-21,09:15,m,豆粕,m2701,3400,102.5,103.5,101.0,102.5,1.5,0.1551,,-0.00255,86,3400.0,0.1708,0.1339,m2611,0.1802,morning,1,1,exact,exact
2026-09-21,09:15,c,玉米,c2611,2160,35.0,35.5,26.5,27.0,1.9,0.1206,,0.01005,32,2170.0,0.0891,0.0773,c2701,0.0921,morning,1,1,exact,exact
2026-09-21,09:15,rm,菜籽粕,rm2611,2300,53.5,55.0,39.5,40.5,2.8,0.2081,,-0.00795,22,2306.0,0.2367,0.1829,rm2701,0.1993,morning,1,1,exact,exact
2026-09-21,09:15,ta,PTA,ta2611,6500,215.0,217.0,243.5,245.5,0.9,0.3619,,0.004,22,6478.0,0.3601,0.2884,ta2701,0.3118,morning,1,1,exact,exact
2026-09-21,09:15,ma,甲醇,ma2611,3150,138.0,139.5,125.5,127.0,1.2,0.4271,,0.006,22,3159.0,0.3922,0.3235,ma2701,0.3417,morning,1,1,exact,exact
2026-09-21,09:15,au,沪金,au2612,952,36.6,37.24,39.0,39.76,1.9,0.24,,-0.0023,64,949.02,0.1843,0.1733,au2702,0.2477,morning,1,1,exact,legacy
2026-09-21,09:15,cf,棉花,cf2701,15800,376.0,384.0,357.0,360.0,2.1,0.1239,,-0.00035,81,15820.0,0.1329,0.1221,cf2611,0.1451,morning,1,1,exact,exact
2026-09-21,09:15,sr,白糖,sr2701,5300,122.5,124.5,87.5,88.5,1.6,0.1052,,5e-05,81,5333.0,0.0916,0.0876,sr2611,0.0923,morning,1,1,exact,exact
2026-09-21,09:15,i,铁矿石,i2701,720,20.1,20.6,24.2,24.9,2.9,0.1617,,0.00135,86,715.0,0.1476,0.1506,i2611,0.1526,morning,1,1,exact,exact
2026-09-21,09:15,ru,橡胶,ru2701,18750,826.0,835.0,731.0,738.0,1.1,0.2039,,0.00225,95,18810.0,0.1888,0.165,ru2705,0.2101,morning,1,1,exact,legacy
2026-09-21,09:30,m,豆粕,m2701,3400,96.0,97.5,107.0,108.0,1.6,0.1553,,0.00085,86,3386.0,0.1708,0.1339,m2611,0.1726,morning,1,1,exact,exact
2026-09-21,09:30,c,玉米,c2611,2180,26.0,27.0,36.5,37.0,3.8,0.123,,0.00645,32,2171.0,0.0891,0.0773,c2701,0.0927,morning,1,1,exact,exact
2026-09-21,09:30,rm,菜籽粕,rm2611,2300,47.5,48.5,45.5,46.0,2.1,0.2074,,-0.0004,22,2302.0,0.2367,0.1829,rm2701,0.1986,morning,1,1,exact,exact
2026-09-21,09:30,ta,PTA,ta2611,6500,204.5,207.0,252.5,255.0,1.2,0.3624,,0.00395,22,6456.0,0.3601,0.2884,ta2701,0.3107,morning,1,1,exact,exact
2026-09-21,09:30,ma,甲醇,ma2611,3150,130.5,131.5,136.5,137.5,0.8,0.4335,,0.01,22,3148.0,0.3922,0.3235,ma2701,0.3413,morning,1,1,exact,exact
2026-09-21,09:30,au,沪金,au2612,952,36.62,36.94,39.24,39.76,1.3,0.2402,,-0.00285,64,948.12,0.1843,0.1733,au2702,0.2471,morning,1,1,exact,legacy
2026-09-21,09:30,cf,棉花,cf2701,15800,390.0,394.0,342.0,347.0,1.5,0.1233,,-0.00055,81,15850.0,0.1329,0.1221,cf2611,0.1472,morning,1,1,exact,exact
2026-09-21,09:30,sr,白糖,sr2701,5300,118.5,120.5,91.5,93.0,1.7,0.1055,,0.0008,81,5326.0,0.0916,0.0876,sr2611,0.0945,morning,1,1,exact,exact
2026-09-21,09:30,i,铁矿石,i2701,720,20.4,21.0,23.8,24.4,2.9,0.1611,,0.0017,86,716.0,0.1476,0.1506,i2611,0.1523,morning,1,1,exact,exact
2026-09-21,09:30,ru,橡胶,ru2701,18750,823.0,833.0,723.0,730.0,1.2,0.2021,,0.00055,95,18845.0,0.1888,0.165,ru2705,0.213,morning,1,1,exact,legacy
2026-09-21,14:50,m,豆粕,m2701,3400,95.0,96.5,105.5,106.5,1.6,0.1533,,-0.0009,86,3389.0,0.1708,0.1339,m2611,0.1719,afternoon,1,1,exact,exact
2026-09-21,14:50,c,玉米,c2611,2160,36.0,36.5,27.0,27.5,1.9,0.1236,,0.0015,32,2169.0,0.0891,0.0773,c2701,0.0948,afternoon,1,1,exact,exact
2026-09-21,14:50,rm,菜籽粕,rm2611,2300,49.5,50.5,41.0,42.0,2.4,0.2019,,-0.0031,22,2308.0,0.2367,0.1829,rm2701,0.1965,afternoon,1,1,exact,exact
2026-09-21,14:50,ta,PTA,ta2611,6600,203.5,205.0,246.0,248.0,0.8,0.3503,,-0.0058,22,6558.0,0.3601,0.2884,ta2701,0.316,afternoon,1,1,exact,exact
2026-09-21,14:50,ma,甲醇,ma2611,3200,126.0,127.0,140.5,141.5,0.8,0.4278,,0.00035,22,3184.0,0.3922,0.3235,ma2701,0.3446,afternoon,1,1,exact,exact
2026-09-21,14:50,au,沪金,au2612,944,37.4,37.84,36.98,37.5,1.4,0.237,,-0.0015,64,943.02,0.1843,0.1733,au2702,,afternoon,1,0,exact,
2026-09-21,14:50,cf,棉花,cf2701,15800,396.0,401.0,327.0,331.0,1.3,0.1216,,-0.00115,81,15875.0,0.1329,0.1221,cf2611,0.1392,afternoon,1,1,exact,exact
2026-09-21,14:50,sr,白糖,sr2701,5300,120.5,121.0,89.0,90.0,1.1,0.1047,,-0.00025,81,5328.0,0.0916,0.0876,sr2611,0.093,afternoon,1,1,exact,exact
2026-09-21,14:50,i,铁矿石,i2701,710,24.7,25.3,19.4,19.8,2.4,0.1607,,-0.0005,86,714.5,0.1476,0.1506,i2611,0.1509,afternoon,1,1,exact,exact
2026-09-21,14:50,ru,橡胶,ru2701,18750,792.0,802.0,750.0,757.0,1.3,0.2023,,-0.0008,95,18780.0,0.1888,0.165,ru2705,0.2079,afternoon,1,1,exact,legacy
2026-09-22,09:15,m,豆粕,m2701,3400,107.0,107.5,95.5,96.5,1.0,0.1543,,-0.0005,85,3411.0,0.1714,0.1341,m2611,0.1758,morning,1,1,exact,exact
2026-09-22,09:15,c,玉米,c2611,2180,29.5,30.5,34.5,36.0,4.3,0.1287,,0.00285,31,2175.0,0.0897,0.0782,c2701,0.0954,morning,1,1,exact,exact
2026-09-22,09:15,rm,菜籽粕,rm2611,2350,41.0,41.5,54.5,55.5,1.8,0.2145,,0.00355,21,2338.0,0.2379,0.1832,rm2701,0.2026,morning,1,1,exact,exact
2026-09-22,09:15,ta,PTA,ta2611,6500,217.0,219.0,199.5,201.0,0.9,0.3342,,-0.0141,21,6522.0,0.3595,0.2887,ta2701,0.3052,morning,1,1,exact,exact
2026-09-22,09:15,ma,甲醇,ma2611,3150,125.0,126.5,129.0,130.5,1.2,0.4236,,-0.00495,21,3143.0,0.3977,0.3262,ma2701,0.3355,morning,1,1,exact,exact
2026-09-22,09:15,au,沪金,au2612,944,36.06,36.66,35.76,36.28,1.7,0.2309,,-0.00465,63,943.28,0.1799,0.1729,au2611,0.2189,morning,1,1,exact,exact
2026-09-22,09:15,cf,棉花,cf2701,16000,335.0,338.0,410.0,416.0,1.5,0.1258,,0.00125,80,15905.0,0.1354,0.1192,cf2611,0.1403,morning,1,1,exact,exact
2026-09-22,09:15,sr,白糖,sr2701,5300,125.0,126.5,83.0,84.5,1.8,0.1047,,-0.0004,80,5341.0,0.0905,0.0874,sr2611,0.092,morning,1,1,exact,exact
2026-09-22,09:15,i,铁矿石,i2701,720,19.6,20.3,23.6,24.3,3.6,0.1588,,-0.00115,85,716.0,0.1433,0.1507,i2611,0.1499,morning,1,1,exact,exact
2026-09-22,09:15,ru,橡胶,ru2701,19000,748.0,751.0,844.0,852.0,0.9,0.2085,,0.0032,94,18875.0,0.1869,0.164,ru2705,0.2053,morning,1,1,exact,legacy
2026-09-22,09:30,m,豆粕,m2701,3400,104.5,105.5,97.0,98.5,1.5,0.1541,,0.0004,85,3407.0,0.1714,0.1341,m2611,0.1748,morning,1,1,exact,exact
2026-09-22,09:30,c,玉米,c2611,2180,28.0,28.5,35.5,36.5,2.8,0.1268,,0.0016,31,2174.0,0.0897,0.0782,c2701,0.0942,morning,1,1,exact,exact
2026-09-22,09:30,rm,菜籽粕,rm2611,2325,45.5,46.5,46.0,47.0,2.2,0.2073,,0.0027,21,2325.0,0.2379,0.1832,rm2701,0.1959,morning,1,1,exact,exact
2026-09-22,09:30,ta,PTA,ta2611,6500,210.0,213.0,207.0,208.5,1.4,0.3358,,-0.00725,21,6506.0,0.3595,0.2887,ta2701,0.3051,morning,1,1,exact,exact
2026-09-22,09:30,ma,甲醇,ma2611,3150,117.0,118.5,139.5,140.0,1.3,0.4287,,0.00045,21,3130.0,0.3977,0.3262,ma2701,0.3321,morning,1,1,exact,exact
2026-09-22,09:30,au,沪金,au2612,944,36.18,36.64,35.52,35.86,1.3,0.23,,-0.0035,63,943.38,0.1799,0.1729,au2611,0.2184,morning,1,1,exact,exact
2026-09-22,09:30,cf,棉花,cf2701,16000,334.0,336.0,401.0,406.0,1.2,0.1238,,0.0011,80,15925.0,0.1354,0.1192,cf2611,0.1403,morning,1,1,exact,exact
2026-09-22,09:30,sr,白糖,sr2701,5300,124.5,125.5,83.5,84.5,1.2,0.1045,,-0.0001,80,5339.0,0.0905,0.0874,sr2611,0.0917,morning,1,1,exact,exact
2026-09-22,09:30,i,铁矿石,i2701,720,19.9,20.4,23.5,24.2,3.0,0.1592,,-0.00075,85,716.0,0.1433,0.1507,i2611,0.1492,morning,1,1,exact,exact
2026-09-22,09:30,ru,橡胶,ru2701,19000,752.0,760.0,841.0,849.0,1.1,0.2087,,0.0032,94,18900.0,0.1869,0.164,ru2705,0.2056,morning,1,1,exact,legacy
2026-09-22,14:50,m,豆粕,m2701,3400,109.0,111.0,92.0,93.0,1.8,0.1535,,-0.0004,85,3417.0,0.1714,0.1341,m2611,0.1743,afternoon,1,1,exact,exact
2026-09-22,14:50,c,玉米,c2611,2180,31.5,32.0,31.0,32.0,3.2,0.1244,,-0.00215,31,2181.0,0.0897,0.0782,c2701,0.0959,afternoon,1,1,exact,exact
2026-09-22,14:50,rm,菜籽粕,rm2611,2325,50.5,51.5,40.0,41.0,2.5,0.2043,,-0.0051,21,2334.0,0.2379,0.1832,rm2701,0.2028,afternoon,1,1,exact,exact
2026-09-22,14:50,ta,PTA,ta2611,6500,232.0,234.0,188.5,190.5,1.1,0.3364,,0.0011,21,6546.0,0.3595,0.2887,ta2701,0.3147,afternoon,1,1,exact,exact
2026-09-22,14:50,ma,甲醇,ma2611,3200,120.0,121.0,137.0,138.0,0.8,0.4224,,-0.0006,21,3183.0,0.3977,0.3262,ma2701,0.3408,afternoon,1,1,exact,exact
2026-09-22,14:50,au,沪金,au2612,936,36.62,37.04,34.82,35.22,1.1,0.2308,,-5e-05,63,936.46,0.1799,0.1729,au2611,0.2108,afternoon,1,1,exact,exact
2026-09-22,14:50,cf,棉花,cf2701,15800,366.0,369.0,378.0,382.0,1.1,0.1264,,0.0003,80,15785.0,0.1354,0.1192,cf2611,0.1451,afternoon,1,1,exact,exact
2026-09-22,14:50,sr,白糖,sr2701,5400,92.0,93.5,140.0,141.5,1.6,0.1165,,0.0059,80,5351.0,0.0905,0.0874,sr2611,0.0886,afternoon,1,1,exact,exact
2026-09-22,14:50,i,铁矿石,i2701,710,20.3,20.8,22.8,23.3,2.5,0.1597,,0.00045,85,707.0,0.1433,0.1507,i2611,0.1521,afternoon,1,1,exact,exact
2026-09-22,14:50,ru,橡胶,ru2701,19000,790.0,793.0,799.0,808.0,1.1,0.207,,-0.00075,94,18975.0,0.1869,0.164,ru2705,0.2042,afternoon,1,1,exact,legacy
2026-09-23,09:15,m,豆粕,m2701,3400,108.0,109.5,88.5,90.0,1.7,0.1509,,-0.0016,84,3419.0,0.171,0.1342,m2611,0.17,morning,1,1,exact,exact
2026-09-23,09:15,c,玉米,c2611,2200,22.5,23.0,32.0,32.5,2.2,0.1095,,-0.00865,30,2190.0,0.0901,0.0785,c2701,0.0911,morning,1,1,exact,exact
2026-09-23,09:15,rm,菜籽粕,rm2611,2350,37.5,38.5,49.5,50.5,2.7,0.201,,-0.00315,20,2338.0,0.2404,0.1836,rm2701,0.1953,morning,1,1,exact,exact
2026-09-23,09:15,ta,PTA,ta2611,6400,217.5,219.0,178.5,180.5,1.1,0.3298,,-0.003,20,6440.0,0.3583,0.2911,ta2701,0.308,morning,1,1,exact,exact
2026-09-23,09:15,ma,甲醇,ma2611,3100,131.5,132.5,120.0,120.5,0.8,0.4328,,0.00205,20,3112.0,0.3982,0.3284,ma2701,0.3358,morning,1,1,exact,exact
2026-09-23,09:15,au,沪金,au2612,944,34.22,34.74,35.08,35.5,1.5,0.2246,,-0.0027,62,942.06,0.179,0.1705,au2611,0.2076,morning,1,1,exact,exact
2026-09-23,09:15,cf,棉花,cf2701,15800,362.0,369.0,356.0,361.0,1.9,0.1231,,-0.00035,79,15805.0,0.1293,0.1198,cf2611,0.1436,morning,1,1,exact,exact
2026-09-23,09:15,sr,白糖,sr2701,5400,94.5,95.5,130.0,131.5,1.2,0.1131,,0.0043,79,5362.0,0.0892,0.087,sr2611,0.0834,morning,1,1,exact,exact
2026-09-23,09:15,i,铁矿石,i2701,720,19.6,20.0,23.4,24.1,3.0,0.1585,,-0.00035,84,716.0,0.1455,0.1513,i2611,0.1463,morning,1,1,exact,exact
2026-09-23,09:15,ru,橡胶,ru2701,19000,861.0,866.0,776.0,783.0,0.9,0.2134,,0.00235,93,19065.0,0.1873,0.165,ru2705,0.2071,morning,1,1,exact,legacy
2026-09-23,09:30,m,豆粕,m2701,3400,109.0,110.5,87.0,88.0,1.4,0.1502,,-0.00165,84,3422.0,0.171,0.1342,m2611,0.1696,morning,1,1,exact,exact
2026-09-23,09:30,c,玉米,c2611,2180,32.0,32.5,24.0,24.5,2.1,0.1126,,-0.0059,30,2187.0,0.0901,0.0785,c2701,0.0912,morning,1,1,exact,exact
2026-09-23,09:30,rm,菜籽粕,rm2611,2350,38.5,39.0,47.5,49.0,3.2,0.1983,,-0.003,20,2343.0,0.2404,0.1836,rm2701,0.193,morning,1,1,exact,exact
2026-09-23,09:30,ta,PTA,ta2611,6400,212.5,214.5,180.5,182.0,0.9,0.3276,,-0.0044,20,6434.0,0.3583,0.2911,ta2701,0.3055,morning,1,1,exact,exact
2026-09-23,09:30,ma,甲醇,ma2611,3100,133.0,134.5,117.5,118.5,1.1,0.4317,,0.00465,20,3114.0,0.3982,0.3284,ma2701,0.3341,morning,1,1,exact,exact
2026-09-23,09:30,au,沪金,au2612,944,34.2,34.46,35.66,36.0,1.0,0.226,,-0.0024,62,941.46,0.179,0.1705,au2611,0.2084,morning,1,1,exact,exact
2026-09-23,09:30,cf,棉花,cf2701,15800,371.0,375.0,350.0,353.0,1.1,0.123,,-0.0017,79,15830.0,0.1293,0.1198,cf2611,0.1396,morning,1,1,exact,exact
2026-09-23,09:30,sr,白糖,sr2701,5400,94.5,95.5,130.5,132.5,1.5,0.1135,,-0.0015,79,5360.0,0.0892,0.087,sr2611,0.0829,morning,1,1,exact,exact
2026-09-23,09:30,i,铁矿石,i2701,720,20.0,20.4,22.7,23.3,2.6,0.1571,,-0.0013,84,716.5,0.1455,0.1513,i2611,0.1459,morning,1,1,exact,exact
2026-09-23,09:30,ru,橡胶,ru2701,19000,878.0,883.0,761.0,768.0,0.9,0.2133,,0.00315,93,19095.0,0.1873,0.165,ru2705,0.2134,morning,1,1,exact,legacy
2026-09-23,14:50,m,豆粕,m2701,3400,100.0,101.5,95.0,95.5,1.5,0.1499,,-0.0005,84,3406.0,0.171,0.1342,m2611,0.1694,afternoon,1,1,exact,exact
2026-09-23,14:50,c,玉米,c2611,2180,30.0,30.5,28.0,28.5,1.8,0.1168,,0.00365,30,2183.0,0.0901,0.0785,c2701,0.0937,afternoon,1,1,exact,exact
2026-09-23,14:50,rm,菜籽粕,rm2611,2325,40.5,41.5,41.0,42.0,2.5,0.1894,,-0.0058,20,2326.0,0.2404,0.1836,rm2701,0.1883,afternoon,1,1,exact,exact
2026-09-23,14:50,ta,PTA,ta2611,6400,189.5,191.5,198.5,200.5,1.1,0.3259,,-0.00195,20,6390.0,0.3583,0.2911,ta2701,0.3008,afternoon,1,1,exact,exact
2026-09-23,14:50,ma,甲醇,ma2611,3000,126.5,128.0,117.0,118.0,1.2,0.4338,,0.0005,20,3013.0,0.3982,0.3284,ma2701,0.3422,afternoon,1,1,exact,exact
2026-09-23,14:50,au,沪金,au2612,944,33.68,34.06,36.1,36.5,1.1,0.2263,,0.00085,62,940.42,0.179,0.1705,au2611,0.2001,afternoon,1,1,exact,exact
2026-09-23,14:50,cf,棉花,cf2701,15800,361.0,364.0,348.0,352.0,1.1,0.121,,-0.00105,79,15815.0,0.1293,0.1198,cf2611,0.1368,afternoon,1,1,exact,exact
2026-09-23,14:50,sr,白糖,sr2701,5400,97.0,97.5,124.0,125.5,1.2,0.111,,-0.00105,79,5374.0,0.0892,0.087,sr2611,0.0861,afternoon,1,1,exact,exact
2026-09-23,14:50,i,铁矿石,i2701,710,22.3,22.9,20.2,20.9,3.5,0.1579,,-0.0003,84,712.0,0.1455,0.1513,i2611,0.1473,afternoon,1,1,exact,exact
2026-09-23,14:51,ru,橡胶,ru2701,19500,836.0,845.0,922.0,932.0,1.1,0.2256,,0.0061,93,19405.0,0.1873,0.165,ru2705,0.2149,afternoon,1,1,exact,legacy
2026-09-24,09:15,m,豆粕,m2701,3400,93.5,94.5,97.5,98.5,1.1,0.1482,,-0.001,83,3396.0,0.1657,0.1327,m2611,0.1665,morning,1,1,exact,exact
2026-09-24,09:15,c,玉米,c2611,2180,25.0,26.0,34.0,34.5,4.0,0.122,,0.0047,29,2171.0,,0.0785,c2701,0.0947,morning,1,1,exact,exact
2026-09-24,09:15,rm,菜籽粕,rm2611,2325,34.5,35.5,44.5,45.5,2.9,0.1892,,-0.00455,19,2316.0,0.2251,0.1833,rm2701,0.1891,morning,1,1,exact,exact
2026-09-24,09:15,ta,PTA,ta2611,6600,205.0,206.0,209.5,211.5,1.0,0.3454,,0.0089,19,6598.0,0.3524,0.2904,ta2701,0.3078,morning,1,1,exact,exact
2026-09-24,09:15,ma,甲醇,ma2611,3100,117.5,118.5,137.0,137.5,0.9,0.4537,,0.011,19,3082.0,0.3986,0.3316,ma2701,0.3445,morning,1,1,exact,exact
2026-09-24,09:15,au,沪金,au2612,936,32.44,32.84,34.0,34.2,1.2,0.2185,,-0.00375,61,933.9,0.1774,0.1685,au2611,0.1992,morning,1,1,exact,exact
2026-09-24,09:15,cf,棉花,cf2701,15800,359.0,364.0,349.0,353.0,1.4,0.1219,,-0.00055,78,15805.0,0.1287,0.1189,cf2611,0.1378,morning,1,1,exact,exact
2026-09-24,09:15,sr,白糖,sr2701,5400,108.0,108.5,107.5,109.0,1.4,0.1084,,-0.00255,78,5401.0,0.0892,0.0868,sr2611,0.0906,morning,1,1,exact,exact
2026-09-24,09:15,i,铁矿石,i2701,710,21.3,21.7,20.8,21.4,2.9,0.1572,,5e-05,83,710.5,0.1446,0.15,i2611,0.1451,morning,1,1,exact,exact
2026-09-24,09:16,ru,橡胶,ru2701,19500,843.0,849.0,946.0,954.0,0.8,0.2307,,0.0087,92,19380.0,0.1979,0.17,ru2705,0.2143,morning,1,1,exact,legacy
2026-09-24,09:30,m,豆粕,m2701,3400,94.0,95.0,97.0,98.0,1.1,0.1482,,-0.00085,83,3397.0,0.1657,0.1327,m2611,0.1658,morning,1,1,exact,exact
2026-09-24,09:30,c,玉米,c2611,2180,26.0,26.5,32.5,33.5,3.1,0.1209,,0.00205,29,2173.0,0.0901,0.0785,c2701,0.0944,morning,1,1,exact,exact
2026-09-24,09:30,rm,菜籽粕,rm2611,2325,35.0,35.5,42.0,43.0,2.4,0.1839,,-0.00275,19,2316.0,0.2251,0.1833,rm2701,0.1876,morning,1,1,exact,exact
2026-09-24,09:30,ta,PTA,ta2611,6600,212.0,213.5,204.0,205.0,0.7,0.346,,0.01005,19,6606.0,0.3524,0.2904,ta2701,0.3098,morning,1,1,exact,exact
2026-09-24,09:30,ma,甲醇,ma2611,3100,125.0,125.5,131.5,133.0,1.1,0.4563,,0.01125,19,3092.0,0.3986,0.3316,ma2701,0.3442,morning,1,1,exact,exact
2026-09-24,09:30,au,沪金,au2612,936,32.62,32.9,34.02,34.42,1.2,0.2193,,-0.0035,61,933.94,0.1774,0.1685,au2611,0.1996,morning,1,1,exact,exact
2026-09-24,09:30,cf,棉花,cf2701,15800,366.0,371.0,338.0,342.0,1.4,0.121,,0.0,78,15830.0,0.1287,0.1189,cf2611,0.1335,morning,1,1,exact,exact
2026-09-24,09:30,sr,白糖,sr2701,5400,109.0,110.0,106.0,107.5,1.4,0.1082,,-0.0014,78,5402.0,0.0892,0.0868,sr2611,0.0903,morning,1,1,exact,exact
2026-09-24,09:30,i,铁矿石,i2701,710,20.7,21.2,21.2,21.8,2.8,0.1569,,-0.0005,83,709.0,0.1446,0.15,i2611,0.148,morning,1,1,exact,exact
2026-09-24,09:30,ru,橡胶,ru2701,19500,883.0,888.0,915.0,927.0,1.3,0.2312,,0.0028,92,19455.0,0.1979,0.17,ru2705,0.2174,morning,1,1,exact,legacy
2026-09-24,14:50,m,豆粕,m2701,3400,105.5,107.5,88.0,89.0,1.9,0.1503,,0.00105,83,3400.0,0.1657,0.1327,m2611,0.1643,afternoon,1,1,exact,exact
2026-09-24,14:50,c,玉米,c2611,2180,28.0,29.0,29.0,29.5,3.6,0.1175,,-0.00225,29,2180.0,0.0901,0.0785,c2701,0.0951,afternoon,1,1,exact,exact
2026-09-24,14:50,rm,菜籽粕,rm2611,2325,41.5,43.0,36.0,37.0,3.6,0.1853,,-0.00195,19,2329.0,0.2251,0.1833,rm2701,0.1848,afternoon,1,1,exact,exact
2026-09-24,14:50,ta,PTA,ta2611,6700,195.5,198.0,223.5,226.5,1.3,0.3463,,0.00045,19,6672.0,0.3524,0.2904,ta2701,0.3147,afternoon,1,1,exact,exact
2026-09-24,14:50,ma,甲醇,ma2611,3200,121.0,121.5,141.0,142.5,1.1,0.4535,,-0.0001,19,3177.0,0.3986,0.3316,ma2701,0.3566,afternoon,1,1,exact,exact
2026-09-24,14:50,au,沪金,au2612,928,33.64,34.08,32.8,33.12,1.3,0.2201,,0.0008,61,928.34,0.1774,0.1685,au2611,0.2046,afternoon,1,1,exact,exact
2026-09-24,14:50,cf,棉花,cf2701,15800,368.0,373.0,340.0,343.0,1.4,0.1217,,-0.0001,78,15825.0,0.1287,0.1189,cf2611,0.1248,afternoon,1,1,exact,exact
2026-09-24,14:50,sr,白糖,sr2701,5400,105.5,107.0,106.5,108.5,1.9,0.1071,,-0.00065,78,5399.0,0.0892,0.0868,sr2611,0.0886,afternoon,1,1,exact,exact
2026-09-24,14:50,i,铁矿石,i2701,710,22.5,23.1,18.8,19.2,2.7,0.1536,,-0.0018,83,713.5,0.1446,0.15,i2611,0.141,afternoon,1,1,exact,exact
2026-09-24,14:50,ru,橡胶,ru2701,19500,944.0,950.0,870.0,879.0,1.0,0.232,,0.00065,92,19545.0,0.1979,0.17,ru2705,0.2165,afternoon,1,1,exact,legacy
